/*
Navicat MySQL Data Transfer

Source Server         : wtechtec
Source Server Version : 50621
Source Host           : localhost:3306
Source Database       : easyweb

Target Server Type    : MYSQL
Target Server Version : 50621
File Encoding         : 65001

Date: 2019-01-11 17:28:41
*/

SET FOREIGN_KEY_CHECKS=0;

-- ----------------------------
-- Table structure for department
-- ----------------------------
DROP TABLE IF EXISTS `department`;
CREATE TABLE `department` (
  `id` int(11) unsigned zerofill NOT NULL AUTO_INCREMENT COMMENT '部门Id',
  `department_name` varchar(255) DEFAULT NULL COMMENT '部门名称',
  `create_time` datetime DEFAULT NULL COMMENT '创建时间',
  `create_id` varchar(255) DEFAULT NULL COMMENT '创建Id',
  `update_time` datetime DEFAULT NULL COMMENT '更新时间',
  `update_id` varchar(255) DEFAULT NULL COMMENT '更新Id',
  PRIMARY KEY (`id`)
) ENGINE=InnoDB AUTO_INCREMENT=16 DEFAULT CHARSET=utf8;

-- ----------------------------
-- Records of department
-- ----------------------------
INSERT INTO `department` VALUES ('00000000003', '开发二部', '2019-01-02 10:09:26', '1', null, null);
INSERT INTO `department` VALUES ('00000000004', '开发三部', '2019-01-02 11:16:10', '1', null, null);
INSERT INTO `department` VALUES ('00000000005', '开发四部', '2019-01-02 11:19:45', '1', null, null);
INSERT INTO `department` VALUES ('00000000007', '人事部', '2019-01-02 11:20:00', '1', null, null);
INSERT INTO `department` VALUES ('00000000008', '销售部', '2019-01-02 11:20:09', '1', null, null);
INSERT INTO `department` VALUES ('00000000009', '运营事业部', '2019-01-02 11:20:24', '1', null, null);
INSERT INTO `department` VALUES ('00000000011', 'UI设计部', '2019-01-02 11:21:02', '1', null, null);
INSERT INTO `department` VALUES ('00000000012', '数据库设计部', '2019-01-02 11:21:14', '1', null, null);
INSERT INTO `department` VALUES ('00000000013', '2', '2019-01-03 09:15:09', '1', null, null);
INSERT INTO `department` VALUES ('00000000014', '3', '2019-01-03 09:15:14', '1', null, null);
INSERT INTO `department` VALUES ('00000000015', '4', '2019-01-03 09:15:17', '1', null, null);

-- ----------------------------
-- Table structure for equipment
-- ----------------------------
DROP TABLE IF EXISTS `equipment`;
CREATE TABLE `equipment` (
  `id` int(10) unsigned zerofill NOT NULL AUTO_INCREMENT COMMENT '设备Id',
  `equipment_name` varchar(255) DEFAULT NULL COMMENT '设备名称',
  `create_id` varchar(11) DEFAULT NULL COMMENT '创建id',
  `create_time` datetime DEFAULT NULL COMMENT '创建时间',
  `update_id` varchar(11) DEFAULT NULL COMMENT '更新者id',
  `update_time` datetime DEFAULT NULL COMMENT '更新时间',
  PRIMARY KEY (`id`)
) ENGINE=InnoDB AUTO_INCREMENT=5 DEFAULT CHARSET=utf8mb4;

-- ----------------------------
-- Records of equipment
-- ----------------------------
INSERT INTO `equipment` VALUES ('0000000001', '投影仪', 'admin', '2019-01-03 10:49:23', null, null);
INSERT INTO `equipment` VALUES ('0000000002', '笔记本', 'admin', '2019-01-03 10:50:23', null, null);
INSERT INTO `equipment` VALUES ('0000000003', '椅子', 'admin', '2019-01-03 16:43:51', null, null);
INSERT INTO `equipment` VALUES ('0000000004', '桌子', 'admin', '2019-01-03 16:44:36', null, null);

-- ----------------------------
-- Table structure for meeting_info
-- ----------------------------
DROP TABLE IF EXISTS `meeting_info`;
CREATE TABLE `meeting_info` (
  `id` int(11) NOT NULL,
  PRIMARY KEY (`id`)
) ENGINE=InnoDB DEFAULT CHARSET=utf8mb4;

-- ----------------------------
-- Records of meeting_info
-- ----------------------------

-- ----------------------------
-- Table structure for meeting_room
-- ----------------------------
DROP TABLE IF EXISTS `meeting_room`;
CREATE TABLE `meeting_room` (
  `id` int(10) unsigned zerofill NOT NULL AUTO_INCREMENT COMMENT '会议室Id',
  `meeting_room_name` varchar(255) DEFAULT NULL COMMENT '会议室名字',
  `meeting_room_peoples` int(255) DEFAULT NULL COMMENT '会议室容纳人数',
  `create_id` varchar(255) DEFAULT NULL,
  `create_time` datetime DEFAULT NULL,
  `update_id` varchar(255) DEFAULT NULL,
  `update_time` datetime DEFAULT NULL,
  PRIMARY KEY (`id`)
) ENGINE=InnoDB AUTO_INCREMENT=6 DEFAULT CHARSET=utf8mb4;

-- ----------------------------
-- Records of meeting_room
-- ----------------------------
INSERT INTO `meeting_room` VALUES ('0000000001', '301', '25', 'admin', '2019-01-04 09:19:09', null, null);
INSERT INTO `meeting_room` VALUES ('0000000002', '302', '40', 'admin', '2019-01-04 09:22:28', null, null);
INSERT INTO `meeting_room` VALUES ('0000000003', '303', '40', 'admin', '2019-01-10 17:26:47', null, null);

-- ----------------------------
-- Table structure for meet_reservation
-- ----------------------------
DROP TABLE IF EXISTS `meet_reservation`;
CREATE TABLE `meet_reservation` (
  `id` int(10) unsigned zerofill NOT NULL AUTO_INCREMENT,
  `meet_id` int(11) DEFAULT NULL COMMENT '会议室Id',
  `reservation_people` int(5) DEFAULT NULL COMMENT '预约人数',
  `reservation_date` datetime DEFAULT NULL COMMENT '预约时间',
  `reservation_period` int(2) DEFAULT NULL COMMENT '预约时间段 0 上午 1 下午 2 晚上',
  `content` varchar(255) DEFAULT NULL COMMENT '会议内容',
  `status` int(2) DEFAULT NULL COMMENT '状态 0 为待审核 1 已审核 2 未审核',
  `create_id` varchar(255) DEFAULT NULL COMMENT '创建Id',
  `create_time` datetime DEFAULT NULL COMMENT '创建时间',
  `update_id` varchar(255) DEFAULT NULL COMMENT '更新Id',
  `update_time` datetime DEFAULT NULL COMMENT '更新时间',
  PRIMARY KEY (`id`)
) ENGINE=InnoDB AUTO_INCREMENT=9 DEFAULT CHARSET=utf8mb4;

-- ----------------------------
-- Records of meet_reservation
-- ----------------------------
INSERT INTO `meet_reservation` VALUES ('0000000001', '1', '25', '2018-12-30 00:00:00', '0', '问问群二翁翁无群', '1', 'demo', '2019-01-11 11:50:04', null, null);
INSERT INTO `meet_reservation` VALUES ('0000000002', '2', '30', '2019-01-11 00:00:00', '0', '其味无穷二翁群无', '1', 'demo', '2019-01-11 11:57:18', null, null);
INSERT INTO `meet_reservation` VALUES ('0000000003', '3', '38', '2019-01-11 00:00:00', '1', '驱蚊器翁翁群无', '1', 'demo', '2019-01-11 13:17:53', null, null);
INSERT INTO `meet_reservation` VALUES ('0000000004', '2', '35', '2019-01-14 00:00:00', '0', '请问请问群翁热无若', '1', 'demo', '2019-01-11 14:57:14', null, null);
INSERT INTO `meet_reservation` VALUES ('0000000005', '2', '36', '2019-01-18 00:00:00', '1', '所得税的萨芬的的范德萨发', '1', 'demo', '2019-01-11 14:58:19', null, null);
INSERT INTO `meet_reservation` VALUES ('0000000006', '3', '35', '2019-01-19 00:00:00', '0', '适当的广泛地会根据规划', '1', 'demo', '2019-01-11 14:59:43', null, null);
INSERT INTO `meet_reservation` VALUES ('0000000007', '2', '25', '2019-01-23 00:00:00', '1', '萨达萨达所大所大所多撒多所多撒多所大所', '1', 'demo', '2019-01-11 15:01:41', null, null);
INSERT INTO `meet_reservation` VALUES ('0000000008', '2', '40', '2019-01-13 00:00:00', '0', 'asdasdasf萨达萨达所奥术大师多as', '0', 'demo', '2019-01-11 16:40:10', null, null);

-- ----------------------------
-- Table structure for oauth_access_token
-- ----------------------------
DROP TABLE IF EXISTS `oauth_access_token`;
CREATE TABLE `oauth_access_token` (
  `authentication_id` varchar(128) NOT NULL,
  `token_id` varchar(128) DEFAULT NULL,
  `token` blob,
  `user_name` varchar(128) DEFAULT NULL,
  `client_id` varchar(128) DEFAULT NULL,
  `authentication` blob,
  `refresh_token` varchar(256) DEFAULT NULL,
  PRIMARY KEY (`authentication_id`)
) ENGINE=InnoDB DEFAULT CHARSET=utf8mb4;

-- ----------------------------
-- Records of oauth_access_token
-- ----------------------------
INSERT INTO `oauth_access_token` VALUES ('582336738114630272e089a32346b954', 'cd18504cffc2fc9a5b23e10b330b3f30', 0xACED0005737200436F72672E737072696E676672616D65776F726B2E73656375726974792E6F61757468322E636F6D6D6F6E2E44656661756C744F4175746832416363657373546F6B656E0CB29E361B24FACE0200064C00156164646974696F6E616C496E666F726D6174696F6E74000F4C6A6176612F7574696C2F4D61703B4C000A65787069726174696F6E7400104C6A6176612F7574696C2F446174653B4C000C72656672657368546F6B656E74003F4C6F72672F737072696E676672616D65776F726B2F73656375726974792F6F61757468322F636F6D6D6F6E2F4F417574683252656672657368546F6B656E3B4C000573636F706574000F4C6A6176612F7574696C2F5365743B4C0009746F6B656E547970657400124C6A6176612F6C616E672F537472696E673B4C000576616C756571007E000578707372001E6A6176612E7574696C2E436F6C6C656374696F6E7324456D7074794D6170593614855ADCE7D002000078707372000E6A6176612E7574696C2E44617465686A81014B59741903000078707708000001683D53FD4D787372004C6F72672E737072696E676672616D65776F726B2E73656375726974792E6F61757468322E636F6D6D6F6E2E44656661756C744578706972696E674F417574683252656672657368546F6B656E2FDF47639DD0C9B70200014C000A65787069726174696F6E71007E0002787200446F72672E737072696E676672616D65776F726B2E73656375726974792E6F61757468322E636F6D6D6F6E2E44656661756C744F417574683252656672657368546F6B656E73E10E0A6354D45E0200014C000576616C756571007E0005787074002433353237653236382D346465662D343434642D396566632D3062386533363735653539347371007E0009770800000168D53F974778737200256A6176612E7574696C2E436F6C6C656374696F6E7324556E6D6F6469666961626C65536574801D92D18F9B80550200007872002C6A6176612E7574696C2E436F6C6C656374696F6E7324556E6D6F6469666961626C65436F6C6C656374696F6E19420080CB5EF71E0200014C0001637400164C6A6176612F7574696C2F436F6C6C656374696F6E3B7870737200176A6176612E7574696C2E4C696E6B656448617368536574D86CD75A95DD2A1E020000787200116A6176612E7574696C2E48617368536574BA44859596B8B7340300007870770C000000103F4000000000000174000744454641554C547874000662656172657274002465633330623332652D623432342D343637362D393731632D343963633832316461656435, 'demo', '397fd05f-3bfd-4205-a641-aaf0f8522744', 0xACED0005737200416F72672E737072696E676672616D65776F726B2E73656375726974792E6F61757468322E70726F76696465722E4F417574683241757468656E7469636174696F6EBD400B02166252130200024C000D73746F7265645265717565737474003C4C6F72672F737072696E676672616D65776F726B2F73656375726974792F6F61757468322F70726F76696465722F4F4175746832526571756573743B4C00127573657241757468656E7469636174696F6E7400324C6F72672F737072696E676672616D65776F726B2F73656375726974792F636F72652F41757468656E7469636174696F6E3B787200476F72672E737072696E676672616D65776F726B2E73656375726974792E61757468656E7469636174696F6E2E416273747261637441757468656E7469636174696F6E546F6B656ED3AA287E6E47640E0200035A000D61757468656E746963617465644C000B617574686F7269746965737400164C6A6176612F7574696C2F436F6C6C656374696F6E3B4C000764657461696C737400124C6A6176612F6C616E672F4F626A6563743B787000737200266A6176612E7574696C2E436F6C6C656374696F6E7324556E6D6F6469666961626C654C697374FC0F2531B5EC8E100200014C00046C6973747400104C6A6176612F7574696C2F4C6973743B7872002C6A6176612E7574696C2E436F6C6C656374696F6E7324556E6D6F6469666961626C65436F6C6C656374696F6E19420080CB5EF71E0200014C00016371007E00047870737200136A6176612E7574696C2E41727261794C6973747881D21D99C7619D03000149000473697A657870000000007704000000007871007E000C707372003A6F72672E737072696E676672616D65776F726B2E73656375726974792E6F61757468322E70726F76696465722E4F41757468325265717565737400000000000000010200075A0008617070726F7665644C000B617574686F72697469657371007E00044C000A657874656E73696F6E7374000F4C6A6176612F7574696C2F4D61703B4C000B72656469726563745572697400124C6A6176612F6C616E672F537472696E673B4C00077265667265736874003B4C6F72672F737072696E676672616D65776F726B2F73656375726974792F6F61757468322F70726F76696465722F546F6B656E526571756573743B4C000B7265736F7572636549647374000F4C6A6176612F7574696C2F5365743B4C000D726573706F6E7365547970657371007E0011787200386F72672E737072696E676672616D65776F726B2E73656375726974792E6F61757468322E70726F76696465722E426173655265717565737436287A3EA37169BD0200034C0008636C69656E74496471007E000F4C001172657175657374506172616D657465727371007E000E4C000573636F706571007E0011787074002433393766643035662D336266642D343230352D613634312D616166306638353232373434737200256A6176612E7574696C2E436F6C6C656374696F6E7324556E6D6F6469666961626C654D6170F1A5A8FE74F507420200014C00016D71007E000E7870737200116A6176612E7574696C2E486173684D61700507DAC1C31660D103000246000A6C6F6164466163746F724900097468726573686F6C6478703F400000000000067708000000080000000474000A6772616E745F7479706574000870617373776F7264740009636C69656E745F696474002433393766643035662D336266642D343230352D613634312D61616630663835323237343474000573636F706574000744454641554C54740008757365726E616D6574000464656D6F78737200256A6176612E7574696C2E436F6C6C656374696F6E7324556E6D6F6469666961626C65536574801D92D18F9B80550200007871007E0009737200176A6176612E7574696C2E4C696E6B656448617368536574D86CD75A95DD2A1E020000787200116A6176612E7574696C2E48617368536574BA44859596B8B7340300007870770C000000103F4000000000000171007E001E78017371007E0024770C000000103F40000000000001737200426F72672E737072696E676672616D65776F726B2E73656375726974792E636F72652E617574686F726974792E53696D706C654772616E746564417574686F7269747900000000000001F40200014C0004726F6C6571007E000F7870740006434C49454E54787371007E00173F40000000000000770800000010000000007870707371007E0024770C000000103F4000000000000174000765617379776562787371007E0024770C000000103F40000000000000787372004F6F72672E737072696E676672616D65776F726B2E73656375726974792E61757468656E7469636174696F6E2E557365726E616D6550617373776F726441757468656E7469636174696F6E546F6B656E00000000000001F40200024C000B63726564656E7469616C7371007E00054C00097072696E636970616C71007E00057871007E0003017371007E00077371007E000B000000007704000000007871007E0031737200176A6176612E7574696C2E4C696E6B6564486173684D617034C04E5C106CC0FB0200015A000B6163636573734F726465727871007E00173F4000000000000C7708000000100000000571007E001971007E001A71007E001D71007E001E74000D636C69656E745F73656372657474002432373737653266362D363061372D346139322D623032622D62653932623532616237363371007E001B71007E001C71007E001F71007E00207800707372001B636F6D2E77662E65772E73797374656D2E6D6F64656C2E55736572035C4724D6741B6B0200124C000B617574686F72697469657371007E00084C000661766174617271007E000F4C000862697274686461797400104C6A6176612F7574696C2F446174653B4C000A63726561746554696D6571007E00374C000C6465706172746D656E7449647400134C6A6176612F6C616E672F496E74656765723B4C0005656D61696C71007E000F4C000D656D61696C566572696669656471007E00384C000669644361726471007E000F4C00086E69636B4E616D6571007E000F4C000870617373776F726471007E000F4C000570686F6E6571007E000F4C0005726F6C657371007E00084C000373657871007E000F4C0005737461746571007E00384C0008747275654E616D6571007E000F4C000A75706461746554696D6571007E00374C000675736572496471007E00384C0008757365726E616D6571007E000F78707371007E000B000000007704000000007870707372000E6A6176612E7574696C2E44617465686A81014B5974190300007870770800000167C717CCC8787070737200116A6176612E6C616E672E496E746567657212E2A0A4F781873802000149000576616C7565787200106A6176612E6C616E672E4E756D62657286AC951D0B94E08B0200007870000000007074000644656D6F303174003C243261243130246C76486255377853485A65507037454F5A515030386530364F464E5774744B416C447A5A5A66653967643564392E744C3157675A5774000B313233343536373839303170740003E794B771007E003F707371007E003B770800000167C717CCC8787371007E003D0000000274000464656D6F, '03c553ffa90c8e4f01c3374487c9d531');
INSERT INTO `oauth_access_token` VALUES ('e02ca051ae14521ba0fd2f4992df30a8', 'f17e51aa7972b16e1ebe290ce64fb5e9', 0xACED0005737200436F72672E737072696E676672616D65776F726B2E73656375726974792E6F61757468322E636F6D6D6F6E2E44656661756C744F4175746832416363657373546F6B656E0CB29E361B24FACE0200064C00156164646974696F6E616C496E666F726D6174696F6E74000F4C6A6176612F7574696C2F4D61703B4C000A65787069726174696F6E7400104C6A6176612F7574696C2F446174653B4C000C72656672657368546F6B656E74003F4C6F72672F737072696E676672616D65776F726B2F73656375726974792F6F61757468322F636F6D6D6F6E2F4F417574683252656672657368546F6B656E3B4C000573636F706574000F4C6A6176612F7574696C2F5365743B4C0009746F6B656E547970657400124C6A6176612F6C616E672F537472696E673B4C000576616C756571007E000578707372001E6A6176612E7574696C2E436F6C6C656374696F6E7324456D7074794D6170593614855ADCE7D002000078707372000E6A6176612E7574696C2E44617465686A81014B59741903000078707708000001683D52DA3E787372004C6F72672E737072696E676672616D65776F726B2E73656375726974792E6F61757468322E636F6D6D6F6E2E44656661756C744578706972696E674F417574683252656672657368546F6B656E2FDF47639DD0C9B70200014C000A65787069726174696F6E71007E0002787200446F72672E737072696E676672616D65776F726B2E73656375726974792E6F61757468322E636F6D6D6F6E2E44656661756C744F417574683252656672657368546F6B656E73E10E0A6354D45E0200014C000576616C756571007E0005787074002431323165353331342D343632652D343263662D613064322D6331616531613633386535347371007E0009770800000168D53E743A78737200256A6176612E7574696C2E436F6C6C656374696F6E7324556E6D6F6469666961626C65536574801D92D18F9B80550200007872002C6A6176612E7574696C2E436F6C6C656374696F6E7324556E6D6F6469666961626C65436F6C6C656374696F6E19420080CB5EF71E0200014C0001637400164C6A6176612F7574696C2F436F6C6C656374696F6E3B7870737200176A6176612E7574696C2E4C696E6B656448617368536574D86CD75A95DD2A1E020000787200116A6176612E7574696C2E48617368536574BA44859596B8B7340300007870770C000000103F4000000000000174000744454641554C547874000662656172657274002436353633313833312D373364302D343164392D393836622D613066366264323838633239, 'admin', '397fd05f-3bfd-4205-a641-aaf0f8522744', 0xACED0005737200416F72672E737072696E676672616D65776F726B2E73656375726974792E6F61757468322E70726F76696465722E4F417574683241757468656E7469636174696F6EBD400B02166252130200024C000D73746F7265645265717565737474003C4C6F72672F737072696E676672616D65776F726B2F73656375726974792F6F61757468322F70726F76696465722F4F4175746832526571756573743B4C00127573657241757468656E7469636174696F6E7400324C6F72672F737072696E676672616D65776F726B2F73656375726974792F636F72652F41757468656E7469636174696F6E3B787200476F72672E737072696E676672616D65776F726B2E73656375726974792E61757468656E7469636174696F6E2E416273747261637441757468656E7469636174696F6E546F6B656ED3AA287E6E47640E0200035A000D61757468656E746963617465644C000B617574686F7269746965737400164C6A6176612F7574696C2F436F6C6C656374696F6E3B4C000764657461696C737400124C6A6176612F6C616E672F4F626A6563743B787000737200266A6176612E7574696C2E436F6C6C656374696F6E7324556E6D6F6469666961626C654C697374FC0F2531B5EC8E100200014C00046C6973747400104C6A6176612F7574696C2F4C6973743B7872002C6A6176612E7574696C2E436F6C6C656374696F6E7324556E6D6F6469666961626C65436F6C6C656374696F6E19420080CB5EF71E0200014C00016371007E00047870737200136A6176612E7574696C2E41727261794C6973747881D21D99C7619D03000149000473697A6578700000001477040000001473720022636F6D2E77662E65772E73797374656D2E6D6F64656C2E417574686F726974696573ABED722F358A09C70200034C0009617574686F726974797400124C6A6176612F6C616E672F537472696E673B4C000D617574686F726974794E616D6571007E000E4C000A63726561746554696D657400104C6A6176612F7574696C2F446174653B787074001B64656C6574653A2F76312F617574686F7269746965732F726F6C6570707371007E000D74002264656C6574653A2F76312F6F617574682F636C69656E742F7B636C69656E7449647D70707371007E000D74001464656C6574653A2F76312F726F6C652F7B69647D70707371007E000D7400136765743A2F76312F617574686F72697469657370707371007E000D7400146765743A2F76312F6F617574682F636C69656E7470707371007E000D74001F6765743A2F76312F6F617574682F636C69656E742F7B636C69656E7449647D70707371007E000D74000C6765743A2F76312F726F6C6570707371007E000D7400106765743A2F76312F75736572496E666F70707371007E000D740019706F73743A2F76312F617574686F7269746965732F726F6C6570707371007E000D740019706F73743A2F76312F617574686F7269746965732F73796E6370707371007E000D740015706F73743A2F76312F6F617574682F636C69656E7470707371007E000D74000D706F73743A2F76312F726F6C6570707371007E000D74000D706F73743A2F76312F7573657270707371007E000D740013706F73743A2F76312F757365722F717565727970707371007E000D74001F7075743A2F76312F6F617574682F636C69656E742F7B636C69656E7449647D70707371007E000D74000C7075743A2F76312F726F6C6570707371007E000D74000C7075743A2F76312F7573657270707371007E000D7400107075743A2F76312F757365722F70737770707371007E000D7400157075743A2F76312F757365722F7073772F7B69647D70707371007E000D7400127075743A2F76312F757365722F737461746570707871007E000C707372003A6F72672E737072696E676672616D65776F726B2E73656375726974792E6F61757468322E70726F76696465722E4F41757468325265717565737400000000000000010200075A0008617070726F7665644C000B617574686F72697469657371007E00044C000A657874656E73696F6E7374000F4C6A6176612F7574696C2F4D61703B4C000B726564697265637455726971007E000E4C00077265667265736874003B4C6F72672F737072696E676672616D65776F726B2F73656375726974792F6F61757468322F70726F76696465722F546F6B656E526571756573743B4C000B7265736F7572636549647374000F4C6A6176612F7574696C2F5365743B4C000D726573706F6E7365547970657371007E003B787200386F72672E737072696E676672616D65776F726B2E73656375726974792E6F61757468322E70726F76696465722E426173655265717565737436287A3EA37169BD0200034C0008636C69656E74496471007E000E4C001172657175657374506172616D657465727371007E00394C000573636F706571007E003B787074002433393766643035662D336266642D343230352D613634312D616166306638353232373434737200256A6176612E7574696C2E436F6C6C656374696F6E7324556E6D6F6469666961626C654D6170F1A5A8FE74F507420200014C00016D71007E00397870737200116A6176612E7574696C2E486173684D61700507DAC1C31660D103000246000A6C6F6164466163746F724900097468726573686F6C6478703F400000000000067708000000080000000474000A6772616E745F7479706574000870617373776F7264740009636C69656E745F696474002433393766643035662D336266642D343230352D613634312D61616630663835323237343474000573636F706574000744454641554C54740008757365726E616D6574000561646D696E78737200256A6176612E7574696C2E436F6C6C656374696F6E7324556E6D6F6469666961626C65536574801D92D18F9B80550200007871007E0009737200176A6176612E7574696C2E4C696E6B656448617368536574D86CD75A95DD2A1E020000787200116A6176612E7574696C2E48617368536574BA44859596B8B7340300007870770C000000103F4000000000000171007E004878017371007E004E770C000000103F40000000000001737200426F72672E737072696E676672616D65776F726B2E73656375726974792E636F72652E617574686F726974792E53696D706C654772616E746564417574686F7269747900000000000001F40200014C0004726F6C6571007E000E7870740006434C49454E54787371007E00413F40000000000000770800000010000000007870707371007E004E770C000000103F4000000000000174000765617379776562787371007E004E770C000000103F40000000000000787372004F6F72672E737072696E676672616D65776F726B2E73656375726974792E61757468656E7469636174696F6E2E557365726E616D6550617373776F726441757468656E7469636174696F6E546F6B656E00000000000001F40200024C000B63726564656E7469616C7371007E00054C00097072696E636970616C71007E00057871007E0003017371007E00077371007E000B0000001477040000001471007E001071007E001271007E001471007E001671007E001871007E001A71007E001C71007E001E71007E002071007E002271007E002471007E002671007E002871007E002A71007E002C71007E002E71007E003071007E003271007E003471007E00367871007E005B737200176A6176612E7574696C2E4C696E6B6564486173684D617034C04E5C106CC0FB0200015A000B6163636573734F726465727871007E00413F4000000000000C7708000000100000000571007E004371007E004471007E004771007E004874000D636C69656E745F73656372657474002432373737653266362D363061372D346139322D623032622D62653932623532616237363371007E004571007E004671007E004971007E004A7800707372001B636F6D2E77662E65772E73797374656D2E6D6F64656C2E55736572035C4724D6741B6B0200124C000B617574686F72697469657371007E00084C000661766174617271007E000E4C0008626972746864617971007E000F4C000A63726561746554696D6571007E000F4C000C6465706172746D656E7449647400134C6A6176612F6C616E672F496E74656765723B4C0005656D61696C71007E000E4C000D656D61696C566572696669656471007E00614C000669644361726471007E000E4C00086E69636B4E616D6571007E000E4C000870617373776F726471007E000E4C000570686F6E6571007E000E4C0005726F6C657371007E00084C000373657871007E000E4C0005737461746571007E00614C0008747275654E616D6571007E000E4C000A75706461746554696D6571007E000F4C000675736572496471007E00614C0008757365726E616D6571007E000E78707371007E000B0000001477040000001471007E001071007E001271007E001471007E001671007E001871007E001A71007E001C71007E001E71007E002071007E002271007E002471007E002671007E002871007E002A71007E002C71007E002E71007E003071007E003271007E003471007E00367870707372000E6A6176612E7574696C2E44617465686A81014B5974190300007870770800000167C7169448787070737200116A6176612E6C616E672E496E746567657212E2A0A4F781873802000149000576616C7565787200106A6176612E6C616E672E4E756D62657286AC951D0B94E08B02000078700000000070740009E7AEA1E79086E5919874003C2432612431302448344446647673764749707A6C73315A416B7948504F657032624D5A4A5737693555766B6A35656B5249425849504A482E3761486D74000B313233343536373839303170740003E794B771007E0068707371007E0064770800000167C716CAF8787371007E00660000000174000561646D696E, '13c8b46b2385adba112fc52768daafec');

-- ----------------------------
-- Table structure for oauth_approvals
-- ----------------------------
DROP TABLE IF EXISTS `oauth_approvals`;
CREATE TABLE `oauth_approvals` (
  `userId` varchar(128) DEFAULT NULL,
  `clientId` varchar(128) DEFAULT NULL,
  `scope` varchar(256) DEFAULT NULL,
  `status` varchar(10) DEFAULT NULL,
  `expiresAt` timestamp NOT NULL DEFAULT CURRENT_TIMESTAMP ON UPDATE CURRENT_TIMESTAMP,
  `lastModifiedAt` timestamp NOT NULL DEFAULT '0000-00-00 00:00:00'
) ENGINE=InnoDB DEFAULT CHARSET=utf8mb4;

-- ----------------------------
-- Records of oauth_approvals
-- ----------------------------

-- ----------------------------
-- Table structure for oauth_client_details
-- ----------------------------
DROP TABLE IF EXISTS `oauth_client_details`;
CREATE TABLE `oauth_client_details` (
  `client_id` varchar(128) NOT NULL,
  `client_name` varchar(128) DEFAULT NULL,
  `resource_ids` varchar(256) DEFAULT NULL,
  `client_secret` varchar(256) DEFAULT NULL,
  `raw_client_secret` varchar(256) DEFAULT NULL,
  `scope` varchar(256) DEFAULT NULL,
  `authorized_grant_types` varchar(256) DEFAULT NULL,
  `web_server_redirect_uri` varchar(256) DEFAULT NULL,
  `authorities` varchar(256) DEFAULT NULL,
  `access_token_validity` int(11) DEFAULT NULL,
  `refresh_token_validity` int(11) DEFAULT NULL,
  `additional_information` varchar(4096) DEFAULT NULL,
  `autoapprove` varchar(256) DEFAULT NULL,
  PRIMARY KEY (`client_id`)
) ENGINE=InnoDB DEFAULT CHARSET=utf8mb4 COMMENT='客户端';

-- ----------------------------
-- Records of oauth_client_details
-- ----------------------------
INSERT INTO `oauth_client_details` VALUES ('397fd05f-3bfd-4205-a641-aaf0f8522744', '管理后台', 'easyweb', '$2a$10$OUkrfzhX8AwqSnTKFyoWKe9IPDkhkTDF/Bu39RvdAgoT7i3ID.3Ou', '2777e2f6-60a7-4a92-b02b-be92b52ab763', 'DEFAULT', 'password,refresh_token,client_credentials', 'urn:ietf:wg:oauth:2.0:oob', 'CLIENT', null, null, '{}', '');

-- ----------------------------
-- Table structure for oauth_client_token
-- ----------------------------
DROP TABLE IF EXISTS `oauth_client_token`;
CREATE TABLE `oauth_client_token` (
  `authentication_id` varchar(128) NOT NULL,
  `token_id` varchar(128) DEFAULT NULL,
  `token` blob,
  `user_name` varchar(128) DEFAULT NULL,
  `client_id` varchar(128) DEFAULT NULL,
  PRIMARY KEY (`authentication_id`)
) ENGINE=InnoDB DEFAULT CHARSET=utf8mb4;

-- ----------------------------
-- Records of oauth_client_token
-- ----------------------------

-- ----------------------------
-- Table structure for oauth_code
-- ----------------------------
DROP TABLE IF EXISTS `oauth_code`;
CREATE TABLE `oauth_code` (
  `code` varchar(128) DEFAULT NULL,
  `authentication` blob
) ENGINE=InnoDB DEFAULT CHARSET=utf8mb4;

-- ----------------------------
-- Records of oauth_code
-- ----------------------------

-- ----------------------------
-- Table structure for oauth_refresh_token
-- ----------------------------
DROP TABLE IF EXISTS `oauth_refresh_token`;
CREATE TABLE `oauth_refresh_token` (
  `token_id` varchar(128) DEFAULT NULL,
  `token` blob,
  `authentication` blob
) ENGINE=InnoDB DEFAULT CHARSET=utf8mb4;

-- ----------------------------
-- Records of oauth_refresh_token
-- ----------------------------
INSERT INTO `oauth_refresh_token` VALUES ('4f58cdea4b31f1cecdffef91bfbfbb3b', 0xACED00057372004C6F72672E737072696E676672616D65776F726B2E73656375726974792E6F61757468322E636F6D6D6F6E2E44656661756C744578706972696E674F417574683252656672657368546F6B656E2FDF47639DD0C9B70200014C000A65787069726174696F6E7400104C6A6176612F7574696C2F446174653B787200446F72672E737072696E676672616D65776F726B2E73656375726974792E6F61757468322E636F6D6D6F6E2E44656661756C744F417574683252656672657368546F6B656E73E10E0A6354D45E0200014C000576616C75657400124C6A6176612F6C616E672F537472696E673B787074002435633534626330382D316138322D346435372D383631352D6662373831656161303032327372000E6A6176612E7574696C2E44617465686A81014B5974190300007870770800000168936A2BFC78, 0xACED0005737200416F72672E737072696E676672616D65776F726B2E73656375726974792E6F61757468322E70726F76696465722E4F417574683241757468656E7469636174696F6EBD400B02166252130200024C000D73746F7265645265717565737474003C4C6F72672F737072696E676672616D65776F726B2F73656375726974792F6F61757468322F70726F76696465722F4F4175746832526571756573743B4C00127573657241757468656E7469636174696F6E7400324C6F72672F737072696E676672616D65776F726B2F73656375726974792F636F72652F41757468656E7469636174696F6E3B787200476F72672E737072696E676672616D65776F726B2E73656375726974792E61757468656E7469636174696F6E2E416273747261637441757468656E7469636174696F6E546F6B656ED3AA287E6E47640E0200035A000D61757468656E746963617465644C000B617574686F7269746965737400164C6A6176612F7574696C2F436F6C6C656374696F6E3B4C000764657461696C737400124C6A6176612F6C616E672F4F626A6563743B787000737200266A6176612E7574696C2E436F6C6C656374696F6E7324556E6D6F6469666961626C654C697374FC0F2531B5EC8E100200014C00046C6973747400104C6A6176612F7574696C2F4C6973743B7872002C6A6176612E7574696C2E436F6C6C656374696F6E7324556E6D6F6469666961626C65436F6C6C656374696F6E19420080CB5EF71E0200014C00016371007E00047870737200136A6176612E7574696C2E41727261794C6973747881D21D99C7619D03000149000473697A6578700000001477040000001473720022636F6D2E77662E65772E73797374656D2E6D6F64656C2E417574686F726974696573ABED722F358A09C70200034C0009617574686F726974797400124C6A6176612F6C616E672F537472696E673B4C000D617574686F726974794E616D6571007E000E4C000A63726561746554696D657400104C6A6176612F7574696C2F446174653B787074001B64656C6574653A2F76312F617574686F7269746965732F726F6C6570707371007E000D74002264656C6574653A2F76312F6F617574682F636C69656E742F7B636C69656E7449647D70707371007E000D74001464656C6574653A2F76312F726F6C652F7B69647D70707371007E000D7400136765743A2F76312F617574686F72697469657370707371007E000D7400146765743A2F76312F6F617574682F636C69656E7470707371007E000D74001F6765743A2F76312F6F617574682F636C69656E742F7B636C69656E7449647D70707371007E000D74000C6765743A2F76312F726F6C6570707371007E000D7400106765743A2F76312F75736572496E666F70707371007E000D740019706F73743A2F76312F617574686F7269746965732F726F6C6570707371007E000D740019706F73743A2F76312F617574686F7269746965732F73796E6370707371007E000D740015706F73743A2F76312F6F617574682F636C69656E7470707371007E000D74000D706F73743A2F76312F726F6C6570707371007E000D74000D706F73743A2F76312F7573657270707371007E000D740013706F73743A2F76312F757365722F717565727970707371007E000D74001F7075743A2F76312F6F617574682F636C69656E742F7B636C69656E7449647D70707371007E000D74000C7075743A2F76312F726F6C6570707371007E000D74000C7075743A2F76312F7573657270707371007E000D7400107075743A2F76312F757365722F70737770707371007E000D7400157075743A2F76312F757365722F7073772F7B69647D70707371007E000D7400127075743A2F76312F757365722F737461746570707871007E000C707372003A6F72672E737072696E676672616D65776F726B2E73656375726974792E6F61757468322E70726F76696465722E4F41757468325265717565737400000000000000010200075A0008617070726F7665644C000B617574686F72697469657371007E00044C000A657874656E73696F6E7374000F4C6A6176612F7574696C2F4D61703B4C000B726564697265637455726971007E000E4C00077265667265736874003B4C6F72672F737072696E676672616D65776F726B2F73656375726974792F6F61757468322F70726F76696465722F546F6B656E526571756573743B4C000B7265736F7572636549647374000F4C6A6176612F7574696C2F5365743B4C000D726573706F6E7365547970657371007E003B787200386F72672E737072696E676672616D65776F726B2E73656375726974792E6F61757468322E70726F76696465722E426173655265717565737436287A3EA37169BD0200034C0008636C69656E74496471007E000E4C001172657175657374506172616D657465727371007E00394C000573636F706571007E003B787074002433393766643035662D336266642D343230352D613634312D616166306638353232373434737200256A6176612E7574696C2E436F6C6C656374696F6E7324556E6D6F6469666961626C654D6170F1A5A8FE74F507420200014C00016D71007E00397870737200116A6176612E7574696C2E486173684D61700507DAC1C31660D103000246000A6C6F6164466163746F724900097468726573686F6C6478703F400000000000067708000000080000000474000A6772616E745F7479706574000870617373776F7264740009636C69656E745F696474002433393766643035662D336266642D343230352D613634312D61616630663835323237343474000573636F706574000744454641554C54740008757365726E616D6574000561646D696E78737200256A6176612E7574696C2E436F6C6C656374696F6E7324556E6D6F6469666961626C65536574801D92D18F9B80550200007871007E0009737200176A6176612E7574696C2E4C696E6B656448617368536574D86CD75A95DD2A1E020000787200116A6176612E7574696C2E48617368536574BA44859596B8B7340300007870770C000000103F4000000000000171007E004878017371007E004E770C000000103F40000000000001737200426F72672E737072696E676672616D65776F726B2E73656375726974792E636F72652E617574686F726974792E53696D706C654772616E746564417574686F7269747900000000000001F40200014C0004726F6C6571007E000E7870740006434C49454E54787371007E00413F40000000000000770800000010000000007870707371007E004E770C000000103F4000000000000174000765617379776562787371007E004E770C000000103F40000000000000787372004F6F72672E737072696E676672616D65776F726B2E73656375726974792E61757468656E7469636174696F6E2E557365726E616D6550617373776F726441757468656E7469636174696F6E546F6B656E00000000000001F40200024C000B63726564656E7469616C7371007E00054C00097072696E636970616C71007E00057871007E0003017371007E00077371007E000B0000001477040000001471007E001071007E001271007E001471007E001671007E001871007E001A71007E001C71007E001E71007E002071007E002271007E002471007E002671007E002871007E002A71007E002C71007E002E71007E003071007E003271007E003471007E00367871007E005B737200176A6176612E7574696C2E4C696E6B6564486173684D617034C04E5C106CC0FB0200015A000B6163636573734F726465727871007E00413F4000000000000C7708000000100000000571007E004371007E004471007E004771007E004874000D636C69656E745F73656372657474002432373737653266362D363061372D346139322D623032622D62653932623532616237363371007E004571007E004671007E004971007E004A7800707372001B636F6D2E77662E65772E73797374656D2E6D6F64656C2E55736572035C4724D6741B6B0200124C000B617574686F72697469657371007E00084C000661766174617271007E000E4C0008626972746864617971007E000F4C000A63726561746554696D6571007E000F4C000C6465706172746D656E7449647400134C6A6176612F6C616E672F496E74656765723B4C0005656D61696C71007E000E4C000D656D61696C566572696669656471007E00614C000669644361726471007E000E4C00086E69636B4E616D6571007E000E4C000870617373776F726471007E000E4C000570686F6E6571007E000E4C0005726F6C657371007E00084C000373657871007E000E4C0005737461746571007E00614C0008747275654E616D6571007E000E4C000A75706461746554696D6571007E000F4C000675736572496471007E00614C0008757365726E616D6571007E000E78707371007E000B0000001477040000001471007E001071007E001271007E001471007E001671007E001871007E001A71007E001C71007E001E71007E002071007E002271007E002471007E002671007E002871007E002A71007E002C71007E002E71007E003071007E003271007E003471007E00367870707372000E6A6176612E7574696C2E44617465686A81014B5974190300007870770800000167C7169448787070737200116A6176612E6C616E672E496E746567657212E2A0A4F781873802000149000576616C7565787200106A6176612E6C616E672E4E756D62657286AC951D0B94E08B02000078700000000070740009E7AEA1E79086E5919874003C2432612431302448344446647673764749707A6C73315A416B7948504F657032624D5A4A5737693555766B6A35656B5249425849504A482E3761486D74000B313233343536373839303170740003E794B771007E0068707371007E0064770800000167C716CAF8787371007E00660000000174000561646D696E);
INSERT INTO `oauth_refresh_token` VALUES ('22bea220040c1d796ac78a1834df239e', 0xACED00057372004C6F72672E737072696E676672616D65776F726B2E73656375726974792E6F61757468322E636F6D6D6F6E2E44656661756C744578706972696E674F417574683252656672657368546F6B656E2FDF47639DD0C9B70200014C000A65787069726174696F6E7400104C6A6176612F7574696C2F446174653B787200446F72672E737072696E676672616D65776F726B2E73656375726974792E6F61757468322E636F6D6D6F6E2E44656661756C744F417574683252656672657368546F6B656E73E10E0A6354D45E0200014C000576616C75657400124C6A6176612F6C616E672F537472696E673B787074002436316161376236352D643439362D343332302D613939382D6165313836366562303736637372000E6A6176612E7574696C2E44617465686A81014B5974190300007870770800000168A6BD63EE78, 0xACED0005737200416F72672E737072696E676672616D65776F726B2E73656375726974792E6F61757468322E70726F76696465722E4F417574683241757468656E7469636174696F6EBD400B02166252130200024C000D73746F7265645265717565737474003C4C6F72672F737072696E676672616D65776F726B2F73656375726974792F6F61757468322F70726F76696465722F4F4175746832526571756573743B4C00127573657241757468656E7469636174696F6E7400324C6F72672F737072696E676672616D65776F726B2F73656375726974792F636F72652F41757468656E7469636174696F6E3B787200476F72672E737072696E676672616D65776F726B2E73656375726974792E61757468656E7469636174696F6E2E416273747261637441757468656E7469636174696F6E546F6B656ED3AA287E6E47640E0200035A000D61757468656E746963617465644C000B617574686F7269746965737400164C6A6176612F7574696C2F436F6C6C656374696F6E3B4C000764657461696C737400124C6A6176612F6C616E672F4F626A6563743B787000737200266A6176612E7574696C2E436F6C6C656374696F6E7324556E6D6F6469666961626C654C697374FC0F2531B5EC8E100200014C00046C6973747400104C6A6176612F7574696C2F4C6973743B7872002C6A6176612E7574696C2E436F6C6C656374696F6E7324556E6D6F6469666961626C65436F6C6C656374696F6E19420080CB5EF71E0200014C00016371007E00047870737200136A6176612E7574696C2E41727261794C6973747881D21D99C7619D03000149000473697A6578700000001477040000001473720022636F6D2E77662E65772E73797374656D2E6D6F64656C2E417574686F726974696573ABED722F358A09C70200034C0009617574686F726974797400124C6A6176612F6C616E672F537472696E673B4C000D617574686F726974794E616D6571007E000E4C000A63726561746554696D657400104C6A6176612F7574696C2F446174653B787074001B64656C6574653A2F76312F617574686F7269746965732F726F6C6570707371007E000D74002264656C6574653A2F76312F6F617574682F636C69656E742F7B636C69656E7449647D70707371007E000D74001464656C6574653A2F76312F726F6C652F7B69647D70707371007E000D7400136765743A2F76312F617574686F72697469657370707371007E000D7400146765743A2F76312F6F617574682F636C69656E7470707371007E000D74001F6765743A2F76312F6F617574682F636C69656E742F7B636C69656E7449647D70707371007E000D74000C6765743A2F76312F726F6C6570707371007E000D7400106765743A2F76312F75736572496E666F70707371007E000D740019706F73743A2F76312F617574686F7269746965732F726F6C6570707371007E000D740019706F73743A2F76312F617574686F7269746965732F73796E6370707371007E000D740015706F73743A2F76312F6F617574682F636C69656E7470707371007E000D74000D706F73743A2F76312F726F6C6570707371007E000D74000D706F73743A2F76312F7573657270707371007E000D740013706F73743A2F76312F757365722F717565727970707371007E000D74001F7075743A2F76312F6F617574682F636C69656E742F7B636C69656E7449647D70707371007E000D74000C7075743A2F76312F726F6C6570707371007E000D74000C7075743A2F76312F7573657270707371007E000D7400107075743A2F76312F757365722F70737770707371007E000D7400157075743A2F76312F757365722F7073772F7B69647D70707371007E000D7400127075743A2F76312F757365722F737461746570707871007E000C707372003A6F72672E737072696E676672616D65776F726B2E73656375726974792E6F61757468322E70726F76696465722E4F41757468325265717565737400000000000000010200075A0008617070726F7665644C000B617574686F72697469657371007E00044C000A657874656E73696F6E7374000F4C6A6176612F7574696C2F4D61703B4C000B726564697265637455726971007E000E4C00077265667265736874003B4C6F72672F737072696E676672616D65776F726B2F73656375726974792F6F61757468322F70726F76696465722F546F6B656E526571756573743B4C000B7265736F7572636549647374000F4C6A6176612F7574696C2F5365743B4C000D726573706F6E7365547970657371007E003B787200386F72672E737072696E676672616D65776F726B2E73656375726974792E6F61757468322E70726F76696465722E426173655265717565737436287A3EA37169BD0200034C0008636C69656E74496471007E000E4C001172657175657374506172616D657465727371007E00394C000573636F706571007E003B787074002433393766643035662D336266642D343230352D613634312D616166306638353232373434737200256A6176612E7574696C2E436F6C6C656374696F6E7324556E6D6F6469666961626C654D6170F1A5A8FE74F507420200014C00016D71007E00397870737200116A6176612E7574696C2E486173684D61700507DAC1C31660D103000246000A6C6F6164466163746F724900097468726573686F6C6478703F400000000000067708000000080000000474000A6772616E745F7479706574000870617373776F7264740009636C69656E745F696474002433393766643035662D336266642D343230352D613634312D61616630663835323237343474000573636F706574000744454641554C54740008757365726E616D6574000561646D696E78737200256A6176612E7574696C2E436F6C6C656374696F6E7324556E6D6F6469666961626C65536574801D92D18F9B80550200007871007E0009737200176A6176612E7574696C2E4C696E6B656448617368536574D86CD75A95DD2A1E020000787200116A6176612E7574696C2E48617368536574BA44859596B8B7340300007870770C000000103F4000000000000171007E004878017371007E004E770C000000103F40000000000001737200426F72672E737072696E676672616D65776F726B2E73656375726974792E636F72652E617574686F726974792E53696D706C654772616E746564417574686F7269747900000000000001F40200014C0004726F6C6571007E000E7870740006434C49454E54787371007E00413F40000000000000770800000010000000007870707371007E004E770C000000103F4000000000000174000765617379776562787371007E004E770C000000103F40000000000000787372004F6F72672E737072696E676672616D65776F726B2E73656375726974792E61757468656E7469636174696F6E2E557365726E616D6550617373776F726441757468656E7469636174696F6E546F6B656E00000000000001F40200024C000B63726564656E7469616C7371007E00054C00097072696E636970616C71007E00057871007E0003017371007E00077371007E000B0000001477040000001471007E001071007E001271007E001471007E001671007E001871007E001A71007E001C71007E001E71007E002071007E002271007E002471007E002671007E002871007E002A71007E002C71007E002E71007E003071007E003271007E003471007E00367871007E005B737200176A6176612E7574696C2E4C696E6B6564486173684D617034C04E5C106CC0FB0200015A000B6163636573734F726465727871007E00413F4000000000000C7708000000100000000571007E004371007E004471007E004771007E004874000D636C69656E745F73656372657474002432373737653266362D363061372D346139322D623032622D62653932623532616237363371007E004571007E004671007E004971007E004A7800707372001B636F6D2E77662E65772E73797374656D2E6D6F64656C2E55736572035C4724D6741B6B0200124C000B617574686F72697469657371007E00084C000661766174617271007E000E4C0008626972746864617971007E000F4C000A63726561746554696D6571007E000F4C000C6465706172746D656E7449647400134C6A6176612F6C616E672F496E74656765723B4C0005656D61696C71007E000E4C000D656D61696C566572696669656471007E00614C000669644361726471007E000E4C00086E69636B4E616D6571007E000E4C000870617373776F726471007E000E4C000570686F6E6571007E000E4C0005726F6C657371007E00084C000373657871007E000E4C0005737461746571007E00614C0008747275654E616D6571007E000E4C000A75706461746554696D6571007E000F4C000675736572496471007E00614C0008757365726E616D6571007E000E78707371007E000B0000001477040000001471007E001071007E001271007E001471007E001671007E001871007E001A71007E001C71007E001E71007E002071007E002271007E002471007E002671007E002871007E002A71007E002C71007E002E71007E003071007E003271007E003471007E00367870707372000E6A6176612E7574696C2E44617465686A81014B5974190300007870770800000167C7169448787070737200116A6176612E6C616E672E496E746567657212E2A0A4F781873802000149000576616C7565787200106A6176612E6C616E672E4E756D62657286AC951D0B94E08B02000078700000000070740009E7AEA1E79086E5919874003C2432612431302448344446647673764749707A6C73315A416B7948504F657032624D5A4A5737693555766B6A35656B5249425849504A482E3761486D74000B313233343536373839303170740003E794B771007E0068707371007E0064770800000167C716CAF8787371007E00660000000174000561646D696E);
INSERT INTO `oauth_refresh_token` VALUES ('4f14bbb493ec0fd17058afc306934377', 0xACED00057372004C6F72672E737072696E676672616D65776F726B2E73656375726974792E6F61757468322E636F6D6D6F6E2E44656661756C744578706972696E674F417574683252656672657368546F6B656E2FDF47639DD0C9B70200014C000A65787069726174696F6E7400104C6A6176612F7574696C2F446174653B787200446F72672E737072696E676672616D65776F726B2E73656375726974792E6F61757468322E636F6D6D6F6E2E44656661756C744F417574683252656672657368546F6B656E73E10E0A6354D45E0200014C000576616C75657400124C6A6176612F6C616E672F537472696E673B787074002462343834346265662D623064632D346639322D396163612D3866393566356264623535367372000E6A6176612E7574696C2E44617465686A81014B5974190300007870770800000168ABC5D89C78, 0xACED0005737200416F72672E737072696E676672616D65776F726B2E73656375726974792E6F61757468322E70726F76696465722E4F417574683241757468656E7469636174696F6EBD400B02166252130200024C000D73746F7265645265717565737474003C4C6F72672F737072696E676672616D65776F726B2F73656375726974792F6F61757468322F70726F76696465722F4F4175746832526571756573743B4C00127573657241757468656E7469636174696F6E7400324C6F72672F737072696E676672616D65776F726B2F73656375726974792F636F72652F41757468656E7469636174696F6E3B787200476F72672E737072696E676672616D65776F726B2E73656375726974792E61757468656E7469636174696F6E2E416273747261637441757468656E7469636174696F6E546F6B656ED3AA287E6E47640E0200035A000D61757468656E746963617465644C000B617574686F7269746965737400164C6A6176612F7574696C2F436F6C6C656374696F6E3B4C000764657461696C737400124C6A6176612F6C616E672F4F626A6563743B787000737200266A6176612E7574696C2E436F6C6C656374696F6E7324556E6D6F6469666961626C654C697374FC0F2531B5EC8E100200014C00046C6973747400104C6A6176612F7574696C2F4C6973743B7872002C6A6176612E7574696C2E436F6C6C656374696F6E7324556E6D6F6469666961626C65436F6C6C656374696F6E19420080CB5EF71E0200014C00016371007E00047870737200136A6176612E7574696C2E41727261794C6973747881D21D99C7619D03000149000473697A6578700000001477040000001473720022636F6D2E77662E65772E73797374656D2E6D6F64656C2E417574686F726974696573ABED722F358A09C70200034C0009617574686F726974797400124C6A6176612F6C616E672F537472696E673B4C000D617574686F726974794E616D6571007E000E4C000A63726561746554696D657400104C6A6176612F7574696C2F446174653B787074001B64656C6574653A2F76312F617574686F7269746965732F726F6C6570707371007E000D74002264656C6574653A2F76312F6F617574682F636C69656E742F7B636C69656E7449647D70707371007E000D74001464656C6574653A2F76312F726F6C652F7B69647D70707371007E000D7400136765743A2F76312F617574686F72697469657370707371007E000D7400146765743A2F76312F6F617574682F636C69656E7470707371007E000D74001F6765743A2F76312F6F617574682F636C69656E742F7B636C69656E7449647D70707371007E000D74000C6765743A2F76312F726F6C6570707371007E000D7400106765743A2F76312F75736572496E666F70707371007E000D740019706F73743A2F76312F617574686F7269746965732F726F6C6570707371007E000D740019706F73743A2F76312F617574686F7269746965732F73796E6370707371007E000D740015706F73743A2F76312F6F617574682F636C69656E7470707371007E000D74000D706F73743A2F76312F726F6C6570707371007E000D74000D706F73743A2F76312F7573657270707371007E000D740013706F73743A2F76312F757365722F717565727970707371007E000D74001F7075743A2F76312F6F617574682F636C69656E742F7B636C69656E7449647D70707371007E000D74000C7075743A2F76312F726F6C6570707371007E000D74000C7075743A2F76312F7573657270707371007E000D7400107075743A2F76312F757365722F70737770707371007E000D7400157075743A2F76312F757365722F7073772F7B69647D70707371007E000D7400127075743A2F76312F757365722F737461746570707871007E000C707372003A6F72672E737072696E676672616D65776F726B2E73656375726974792E6F61757468322E70726F76696465722E4F41757468325265717565737400000000000000010200075A0008617070726F7665644C000B617574686F72697469657371007E00044C000A657874656E73696F6E7374000F4C6A6176612F7574696C2F4D61703B4C000B726564697265637455726971007E000E4C00077265667265736874003B4C6F72672F737072696E676672616D65776F726B2F73656375726974792F6F61757468322F70726F76696465722F546F6B656E526571756573743B4C000B7265736F7572636549647374000F4C6A6176612F7574696C2F5365743B4C000D726573706F6E7365547970657371007E003B787200386F72672E737072696E676672616D65776F726B2E73656375726974792E6F61757468322E70726F76696465722E426173655265717565737436287A3EA37169BD0200034C0008636C69656E74496471007E000E4C001172657175657374506172616D657465727371007E00394C000573636F706571007E003B787074002433393766643035662D336266642D343230352D613634312D616166306638353232373434737200256A6176612E7574696C2E436F6C6C656374696F6E7324556E6D6F6469666961626C654D6170F1A5A8FE74F507420200014C00016D71007E00397870737200116A6176612E7574696C2E486173684D61700507DAC1C31660D103000246000A6C6F6164466163746F724900097468726573686F6C6478703F400000000000067708000000080000000474000A6772616E745F7479706574000870617373776F7264740009636C69656E745F696474002433393766643035662D336266642D343230352D613634312D61616630663835323237343474000573636F706574000744454641554C54740008757365726E616D6574000561646D696E78737200256A6176612E7574696C2E436F6C6C656374696F6E7324556E6D6F6469666961626C65536574801D92D18F9B80550200007871007E0009737200176A6176612E7574696C2E4C696E6B656448617368536574D86CD75A95DD2A1E020000787200116A6176612E7574696C2E48617368536574BA44859596B8B7340300007870770C000000103F4000000000000171007E004878017371007E004E770C000000103F40000000000001737200426F72672E737072696E676672616D65776F726B2E73656375726974792E636F72652E617574686F726974792E53696D706C654772616E746564417574686F7269747900000000000001F40200014C0004726F6C6571007E000E7870740006434C49454E54787371007E00413F40000000000000770800000010000000007870707371007E004E770C000000103F4000000000000174000765617379776562787371007E004E770C000000103F40000000000000787372004F6F72672E737072696E676672616D65776F726B2E73656375726974792E61757468656E7469636174696F6E2E557365726E616D6550617373776F726441757468656E7469636174696F6E546F6B656E00000000000001F40200024C000B63726564656E7469616C7371007E00054C00097072696E636970616C71007E00057871007E0003017371007E00077371007E000B0000001477040000001471007E001071007E001271007E001471007E001671007E001871007E001A71007E001C71007E001E71007E002071007E002271007E002471007E002671007E002871007E002A71007E002C71007E002E71007E003071007E003271007E003471007E00367871007E005B737200176A6176612E7574696C2E4C696E6B6564486173684D617034C04E5C106CC0FB0200015A000B6163636573734F726465727871007E00413F4000000000000C7708000000100000000571007E004371007E004471007E004771007E004874000D636C69656E745F73656372657474002432373737653266362D363061372D346139322D623032622D62653932623532616237363371007E004571007E004671007E004971007E004A7800707372001B636F6D2E77662E65772E73797374656D2E6D6F64656C2E55736572035C4724D6741B6B0200124C000B617574686F72697469657371007E00084C000661766174617271007E000E4C0008626972746864617971007E000F4C000A63726561746554696D6571007E000F4C000C6465706172746D656E7449647400134C6A6176612F6C616E672F496E74656765723B4C0005656D61696C71007E000E4C000D656D61696C566572696669656471007E00614C000669644361726471007E000E4C00086E69636B4E616D6571007E000E4C000870617373776F726471007E000E4C000570686F6E6571007E000E4C0005726F6C657371007E00084C000373657871007E000E4C0005737461746571007E00614C0008747275654E616D6571007E000E4C000A75706461746554696D6571007E000F4C000675736572496471007E00614C0008757365726E616D6571007E000E78707371007E000B0000001477040000001471007E001071007E001271007E001471007E001671007E001871007E001A71007E001C71007E001E71007E002071007E002271007E002471007E002671007E002871007E002A71007E002C71007E002E71007E003071007E003271007E003471007E00367870707372000E6A6176612E7574696C2E44617465686A81014B5974190300007870770800000167C7169448787070737200116A6176612E6C616E672E496E746567657212E2A0A4F781873802000149000576616C7565787200106A6176612E6C616E672E4E756D62657286AC951D0B94E08B02000078700000000070740009E7AEA1E79086E5919874003C2432612431302448344446647673764749707A6C73315A416B7948504F657032624D5A4A5737693555766B6A35656B5249425849504A482E3761486D74000B313233343536373839303170740003E794B771007E0068707371007E0064770800000167C716CAF8787371007E00660000000174000561646D696E);
INSERT INTO `oauth_refresh_token` VALUES ('1eced2c2f3ea6238fa40755afafbe871', 0xACED00057372004C6F72672E737072696E676672616D65776F726B2E73656375726974792E6F61757468322E636F6D6D6F6E2E44656661756C744578706972696E674F417574683252656672657368546F6B656E2FDF47639DD0C9B70200014C000A65787069726174696F6E7400104C6A6176612F7574696C2F446174653B787200446F72672E737072696E676672616D65776F726B2E73656375726974792E6F61757468322E636F6D6D6F6E2E44656661756C744F417574683252656672657368546F6B656E73E10E0A6354D45E0200014C000576616C75657400124C6A6176612F6C616E672F537472696E673B787074002434393131376334652D396134382D346261612D396135662D6436636463326331623462347372000E6A6176612E7574696C2E44617465686A81014B5974190300007870770800000168B0EF978E78, 0xACED0005737200416F72672E737072696E676672616D65776F726B2E73656375726974792E6F61757468322E70726F76696465722E4F417574683241757468656E7469636174696F6EBD400B02166252130200024C000D73746F7265645265717565737474003C4C6F72672F737072696E676672616D65776F726B2F73656375726974792F6F61757468322F70726F76696465722F4F4175746832526571756573743B4C00127573657241757468656E7469636174696F6E7400324C6F72672F737072696E676672616D65776F726B2F73656375726974792F636F72652F41757468656E7469636174696F6E3B787200476F72672E737072696E676672616D65776F726B2E73656375726974792E61757468656E7469636174696F6E2E416273747261637441757468656E7469636174696F6E546F6B656ED3AA287E6E47640E0200035A000D61757468656E746963617465644C000B617574686F7269746965737400164C6A6176612F7574696C2F436F6C6C656374696F6E3B4C000764657461696C737400124C6A6176612F6C616E672F4F626A6563743B787000737200266A6176612E7574696C2E436F6C6C656374696F6E7324556E6D6F6469666961626C654C697374FC0F2531B5EC8E100200014C00046C6973747400104C6A6176612F7574696C2F4C6973743B7872002C6A6176612E7574696C2E436F6C6C656374696F6E7324556E6D6F6469666961626C65436F6C6C656374696F6E19420080CB5EF71E0200014C00016371007E00047870737200136A6176612E7574696C2E41727261794C6973747881D21D99C7619D03000149000473697A6578700000001477040000001473720022636F6D2E77662E65772E73797374656D2E6D6F64656C2E417574686F726974696573ABED722F358A09C70200034C0009617574686F726974797400124C6A6176612F6C616E672F537472696E673B4C000D617574686F726974794E616D6571007E000E4C000A63726561746554696D657400104C6A6176612F7574696C2F446174653B787074001B64656C6574653A2F76312F617574686F7269746965732F726F6C6570707371007E000D74002264656C6574653A2F76312F6F617574682F636C69656E742F7B636C69656E7449647D70707371007E000D74001464656C6574653A2F76312F726F6C652F7B69647D70707371007E000D7400136765743A2F76312F617574686F72697469657370707371007E000D7400146765743A2F76312F6F617574682F636C69656E7470707371007E000D74001F6765743A2F76312F6F617574682F636C69656E742F7B636C69656E7449647D70707371007E000D74000C6765743A2F76312F726F6C6570707371007E000D7400106765743A2F76312F75736572496E666F70707371007E000D740019706F73743A2F76312F617574686F7269746965732F726F6C6570707371007E000D740019706F73743A2F76312F617574686F7269746965732F73796E6370707371007E000D740015706F73743A2F76312F6F617574682F636C69656E7470707371007E000D74000D706F73743A2F76312F726F6C6570707371007E000D74000D706F73743A2F76312F7573657270707371007E000D740013706F73743A2F76312F757365722F717565727970707371007E000D74001F7075743A2F76312F6F617574682F636C69656E742F7B636C69656E7449647D70707371007E000D74000C7075743A2F76312F726F6C6570707371007E000D74000C7075743A2F76312F7573657270707371007E000D7400107075743A2F76312F757365722F70737770707371007E000D7400157075743A2F76312F757365722F7073772F7B69647D70707371007E000D7400127075743A2F76312F757365722F737461746570707871007E000C707372003A6F72672E737072696E676672616D65776F726B2E73656375726974792E6F61757468322E70726F76696465722E4F41757468325265717565737400000000000000010200075A0008617070726F7665644C000B617574686F72697469657371007E00044C000A657874656E73696F6E7374000F4C6A6176612F7574696C2F4D61703B4C000B726564697265637455726971007E000E4C00077265667265736874003B4C6F72672F737072696E676672616D65776F726B2F73656375726974792F6F61757468322F70726F76696465722F546F6B656E526571756573743B4C000B7265736F7572636549647374000F4C6A6176612F7574696C2F5365743B4C000D726573706F6E7365547970657371007E003B787200386F72672E737072696E676672616D65776F726B2E73656375726974792E6F61757468322E70726F76696465722E426173655265717565737436287A3EA37169BD0200034C0008636C69656E74496471007E000E4C001172657175657374506172616D657465727371007E00394C000573636F706571007E003B787074002433393766643035662D336266642D343230352D613634312D616166306638353232373434737200256A6176612E7574696C2E436F6C6C656374696F6E7324556E6D6F6469666961626C654D6170F1A5A8FE74F507420200014C00016D71007E00397870737200116A6176612E7574696C2E486173684D61700507DAC1C31660D103000246000A6C6F6164466163746F724900097468726573686F6C6478703F400000000000067708000000080000000474000A6772616E745F7479706574000870617373776F7264740009636C69656E745F696474002433393766643035662D336266642D343230352D613634312D61616630663835323237343474000573636F706574000744454641554C54740008757365726E616D6574000561646D696E78737200256A6176612E7574696C2E436F6C6C656374696F6E7324556E6D6F6469666961626C65536574801D92D18F9B80550200007871007E0009737200176A6176612E7574696C2E4C696E6B656448617368536574D86CD75A95DD2A1E020000787200116A6176612E7574696C2E48617368536574BA44859596B8B7340300007870770C000000103F4000000000000171007E004878017371007E004E770C000000103F40000000000001737200426F72672E737072696E676672616D65776F726B2E73656375726974792E636F72652E617574686F726974792E53696D706C654772616E746564417574686F7269747900000000000001F40200014C0004726F6C6571007E000E7870740006434C49454E54787371007E00413F40000000000000770800000010000000007870707371007E004E770C000000103F4000000000000174000765617379776562787371007E004E770C000000103F40000000000000787372004F6F72672E737072696E676672616D65776F726B2E73656375726974792E61757468656E7469636174696F6E2E557365726E616D6550617373776F726441757468656E7469636174696F6E546F6B656E00000000000001F40200024C000B63726564656E7469616C7371007E00054C00097072696E636970616C71007E00057871007E0003017371007E00077371007E000B0000001477040000001471007E001071007E001271007E001471007E001671007E001871007E001A71007E001C71007E001E71007E002071007E002271007E002471007E002671007E002871007E002A71007E002C71007E002E71007E003071007E003271007E003471007E00367871007E005B737200176A6176612E7574696C2E4C696E6B6564486173684D617034C04E5C106CC0FB0200015A000B6163636573734F726465727871007E00413F4000000000000C7708000000100000000571007E004371007E004471007E004771007E004874000D636C69656E745F73656372657474002432373737653266362D363061372D346139322D623032622D62653932623532616237363371007E004571007E004671007E004971007E004A7800707372001B636F6D2E77662E65772E73797374656D2E6D6F64656C2E55736572035C4724D6741B6B0200124C000B617574686F72697469657371007E00084C000661766174617271007E000E4C0008626972746864617971007E000F4C000A63726561746554696D6571007E000F4C000C6465706172746D656E7449647400134C6A6176612F6C616E672F496E74656765723B4C0005656D61696C71007E000E4C000D656D61696C566572696669656471007E00614C000669644361726471007E000E4C00086E69636B4E616D6571007E000E4C000870617373776F726471007E000E4C000570686F6E6571007E000E4C0005726F6C657371007E00084C000373657871007E000E4C0005737461746571007E00614C0008747275654E616D6571007E000E4C000A75706461746554696D6571007E000F4C000675736572496471007E00614C0008757365726E616D6571007E000E78707371007E000B0000001477040000001471007E001071007E001271007E001471007E001671007E001871007E001A71007E001C71007E001E71007E002071007E002271007E002471007E002671007E002871007E002A71007E002C71007E002E71007E003071007E003271007E003471007E00367870707372000E6A6176612E7574696C2E44617465686A81014B5974190300007870770800000167C7169448787070737200116A6176612E6C616E672E496E746567657212E2A0A4F781873802000149000576616C7565787200106A6176612E6C616E672E4E756D62657286AC951D0B94E08B02000078700000000070740009E7AEA1E79086E5919874003C2432612431302448344446647673764749707A6C73315A416B7948504F657032624D5A4A5737693555766B6A35656B5249425849504A482E3761486D74000B313233343536373839303170740003E794B771007E0068707371007E0064770800000167C716CAF8787371007E00660000000174000561646D696E);
INSERT INTO `oauth_refresh_token` VALUES ('47acbdfa7ff4e724e6a6c54b8bf4d7c7', 0xACED00057372004C6F72672E737072696E676672616D65776F726B2E73656375726974792E6F61757468322E636F6D6D6F6E2E44656661756C744578706972696E674F417574683252656672657368546F6B656E2FDF47639DD0C9B70200014C000A65787069726174696F6E7400104C6A6176612F7574696C2F446174653B787200446F72672E737072696E676672616D65776F726B2E73656375726974792E6F61757468322E636F6D6D6F6E2E44656661756C744F417574683252656672657368546F6B656E73E10E0A6354D45E0200014C000576616C75657400124C6A6176612F6C616E672F537472696E673B787074002466353266343332392D646534342D346662362D396362642D3231393562303265313033617372000E6A6176612E7574696C2E44617465686A81014B5974190300007870770800000168D0FC431078, 0xACED0005737200416F72672E737072696E676672616D65776F726B2E73656375726974792E6F61757468322E70726F76696465722E4F417574683241757468656E7469636174696F6EBD400B02166252130200024C000D73746F7265645265717565737474003C4C6F72672F737072696E676672616D65776F726B2F73656375726974792F6F61757468322F70726F76696465722F4F4175746832526571756573743B4C00127573657241757468656E7469636174696F6E7400324C6F72672F737072696E676672616D65776F726B2F73656375726974792F636F72652F41757468656E7469636174696F6E3B787200476F72672E737072696E676672616D65776F726B2E73656375726974792E61757468656E7469636174696F6E2E416273747261637441757468656E7469636174696F6E546F6B656ED3AA287E6E47640E0200035A000D61757468656E746963617465644C000B617574686F7269746965737400164C6A6176612F7574696C2F436F6C6C656374696F6E3B4C000764657461696C737400124C6A6176612F6C616E672F4F626A6563743B787000737200266A6176612E7574696C2E436F6C6C656374696F6E7324556E6D6F6469666961626C654C697374FC0F2531B5EC8E100200014C00046C6973747400104C6A6176612F7574696C2F4C6973743B7872002C6A6176612E7574696C2E436F6C6C656374696F6E7324556E6D6F6469666961626C65436F6C6C656374696F6E19420080CB5EF71E0200014C00016371007E00047870737200136A6176612E7574696C2E41727261794C6973747881D21D99C7619D03000149000473697A6578700000001477040000001473720022636F6D2E77662E65772E73797374656D2E6D6F64656C2E417574686F726974696573ABED722F358A09C70200034C0009617574686F726974797400124C6A6176612F6C616E672F537472696E673B4C000D617574686F726974794E616D6571007E000E4C000A63726561746554696D657400104C6A6176612F7574696C2F446174653B787074001B64656C6574653A2F76312F617574686F7269746965732F726F6C6570707371007E000D74002264656C6574653A2F76312F6F617574682F636C69656E742F7B636C69656E7449647D70707371007E000D74001464656C6574653A2F76312F726F6C652F7B69647D70707371007E000D7400136765743A2F76312F617574686F72697469657370707371007E000D7400146765743A2F76312F6F617574682F636C69656E7470707371007E000D74001F6765743A2F76312F6F617574682F636C69656E742F7B636C69656E7449647D70707371007E000D74000C6765743A2F76312F726F6C6570707371007E000D7400106765743A2F76312F75736572496E666F70707371007E000D740019706F73743A2F76312F617574686F7269746965732F726F6C6570707371007E000D740019706F73743A2F76312F617574686F7269746965732F73796E6370707371007E000D740015706F73743A2F76312F6F617574682F636C69656E7470707371007E000D74000D706F73743A2F76312F726F6C6570707371007E000D74000D706F73743A2F76312F7573657270707371007E000D740013706F73743A2F76312F757365722F717565727970707371007E000D74001F7075743A2F76312F6F617574682F636C69656E742F7B636C69656E7449647D70707371007E000D74000C7075743A2F76312F726F6C6570707371007E000D74000C7075743A2F76312F7573657270707371007E000D7400107075743A2F76312F757365722F70737770707371007E000D7400157075743A2F76312F757365722F7073772F7B69647D70707371007E000D7400127075743A2F76312F757365722F737461746570707871007E000C707372003A6F72672E737072696E676672616D65776F726B2E73656375726974792E6F61757468322E70726F76696465722E4F41757468325265717565737400000000000000010200075A0008617070726F7665644C000B617574686F72697469657371007E00044C000A657874656E73696F6E7374000F4C6A6176612F7574696C2F4D61703B4C000B726564697265637455726971007E000E4C00077265667265736874003B4C6F72672F737072696E676672616D65776F726B2F73656375726974792F6F61757468322F70726F76696465722F546F6B656E526571756573743B4C000B7265736F7572636549647374000F4C6A6176612F7574696C2F5365743B4C000D726573706F6E7365547970657371007E003B787200386F72672E737072696E676672616D65776F726B2E73656375726974792E6F61757468322E70726F76696465722E426173655265717565737436287A3EA37169BD0200034C0008636C69656E74496471007E000E4C001172657175657374506172616D657465727371007E00394C000573636F706571007E003B787074002433393766643035662D336266642D343230352D613634312D616166306638353232373434737200256A6176612E7574696C2E436F6C6C656374696F6E7324556E6D6F6469666961626C654D6170F1A5A8FE74F507420200014C00016D71007E00397870737200116A6176612E7574696C2E486173684D61700507DAC1C31660D103000246000A6C6F6164466163746F724900097468726573686F6C6478703F400000000000067708000000080000000474000A6772616E745F7479706574000870617373776F7264740009636C69656E745F696474002433393766643035662D336266642D343230352D613634312D61616630663835323237343474000573636F706574000744454641554C54740008757365726E616D6574000561646D696E78737200256A6176612E7574696C2E436F6C6C656374696F6E7324556E6D6F6469666961626C65536574801D92D18F9B80550200007871007E0009737200176A6176612E7574696C2E4C696E6B656448617368536574D86CD75A95DD2A1E020000787200116A6176612E7574696C2E48617368536574BA44859596B8B7340300007870770C000000103F4000000000000171007E004878017371007E004E770C000000103F40000000000001737200426F72672E737072696E676672616D65776F726B2E73656375726974792E636F72652E617574686F726974792E53696D706C654772616E746564417574686F7269747900000000000001F40200014C0004726F6C6571007E000E7870740006434C49454E54787371007E00413F40000000000000770800000010000000007870707371007E004E770C000000103F4000000000000174000765617379776562787371007E004E770C000000103F40000000000000787372004F6F72672E737072696E676672616D65776F726B2E73656375726974792E61757468656E7469636174696F6E2E557365726E616D6550617373776F726441757468656E7469636174696F6E546F6B656E00000000000001F40200024C000B63726564656E7469616C7371007E00054C00097072696E636970616C71007E00057871007E0003017371007E00077371007E000B0000001477040000001471007E001071007E001271007E001471007E001671007E001871007E001A71007E001C71007E001E71007E002071007E002271007E002471007E002671007E002871007E002A71007E002C71007E002E71007E003071007E003271007E003471007E00367871007E005B737200176A6176612E7574696C2E4C696E6B6564486173684D617034C04E5C106CC0FB0200015A000B6163636573734F726465727871007E00413F4000000000000C7708000000100000000571007E004371007E004471007E004771007E004874000D636C69656E745F73656372657474002432373737653266362D363061372D346139322D623032622D62653932623532616237363371007E004571007E004671007E004971007E004A7800707372001B636F6D2E77662E65772E73797374656D2E6D6F64656C2E55736572035C4724D6741B6B0200124C000B617574686F72697469657371007E00084C000661766174617271007E000E4C0008626972746864617971007E000F4C000A63726561746554696D6571007E000F4C000C6465706172746D656E7449647400134C6A6176612F6C616E672F496E74656765723B4C0005656D61696C71007E000E4C000D656D61696C566572696669656471007E00614C000669644361726471007E000E4C00086E69636B4E616D6571007E000E4C000870617373776F726471007E000E4C000570686F6E6571007E000E4C0005726F6C657371007E00084C000373657871007E000E4C0005737461746571007E00614C0008747275654E616D6571007E000E4C000A75706461746554696D6571007E000F4C000675736572496471007E00614C0008757365726E616D6571007E000E78707371007E000B0000001477040000001471007E001071007E001271007E001471007E001671007E001871007E001A71007E001C71007E001E71007E002071007E002271007E002471007E002671007E002871007E002A71007E002C71007E002E71007E003071007E003271007E003471007E00367870707372000E6A6176612E7574696C2E44617465686A81014B5974190300007870770800000167C7169448787070737200116A6176612E6C616E672E496E746567657212E2A0A4F781873802000149000576616C7565787200106A6176612E6C616E672E4E756D62657286AC951D0B94E08B02000078700000000070740009E7AEA1E79086E5919874003C2432612431302448344446647673764749707A6C73315A416B7948504F657032624D5A4A5737693555766B6A35656B5249425849504A482E3761486D74000B313233343536373839303170740003E794B771007E0068707371007E0064770800000167C716CAF8787371007E00660000000174000561646D696E);
INSERT INTO `oauth_refresh_token` VALUES ('13c8b46b2385adba112fc52768daafec', 0xACED00057372004C6F72672E737072696E676672616D65776F726B2E73656375726974792E6F61757468322E636F6D6D6F6E2E44656661756C744578706972696E674F417574683252656672657368546F6B656E2FDF47639DD0C9B70200014C000A65787069726174696F6E7400104C6A6176612F7574696C2F446174653B787200446F72672E737072696E676672616D65776F726B2E73656375726974792E6F61757468322E636F6D6D6F6E2E44656661756C744F417574683252656672657368546F6B656E73E10E0A6354D45E0200014C000576616C75657400124C6A6176612F6C616E672F537472696E673B787074002431323165353331342D343632652D343263662D613064322D6331616531613633386535347372000E6A6176612E7574696C2E44617465686A81014B5974190300007870770800000168D53E743A78, 0xACED0005737200416F72672E737072696E676672616D65776F726B2E73656375726974792E6F61757468322E70726F76696465722E4F417574683241757468656E7469636174696F6EBD400B02166252130200024C000D73746F7265645265717565737474003C4C6F72672F737072696E676672616D65776F726B2F73656375726974792F6F61757468322F70726F76696465722F4F4175746832526571756573743B4C00127573657241757468656E7469636174696F6E7400324C6F72672F737072696E676672616D65776F726B2F73656375726974792F636F72652F41757468656E7469636174696F6E3B787200476F72672E737072696E676672616D65776F726B2E73656375726974792E61757468656E7469636174696F6E2E416273747261637441757468656E7469636174696F6E546F6B656ED3AA287E6E47640E0200035A000D61757468656E746963617465644C000B617574686F7269746965737400164C6A6176612F7574696C2F436F6C6C656374696F6E3B4C000764657461696C737400124C6A6176612F6C616E672F4F626A6563743B787000737200266A6176612E7574696C2E436F6C6C656374696F6E7324556E6D6F6469666961626C654C697374FC0F2531B5EC8E100200014C00046C6973747400104C6A6176612F7574696C2F4C6973743B7872002C6A6176612E7574696C2E436F6C6C656374696F6E7324556E6D6F6469666961626C65436F6C6C656374696F6E19420080CB5EF71E0200014C00016371007E00047870737200136A6176612E7574696C2E41727261794C6973747881D21D99C7619D03000149000473697A6578700000001477040000001473720022636F6D2E77662E65772E73797374656D2E6D6F64656C2E417574686F726974696573ABED722F358A09C70200034C0009617574686F726974797400124C6A6176612F6C616E672F537472696E673B4C000D617574686F726974794E616D6571007E000E4C000A63726561746554696D657400104C6A6176612F7574696C2F446174653B787074001B64656C6574653A2F76312F617574686F7269746965732F726F6C6570707371007E000D74002264656C6574653A2F76312F6F617574682F636C69656E742F7B636C69656E7449647D70707371007E000D74001464656C6574653A2F76312F726F6C652F7B69647D70707371007E000D7400136765743A2F76312F617574686F72697469657370707371007E000D7400146765743A2F76312F6F617574682F636C69656E7470707371007E000D74001F6765743A2F76312F6F617574682F636C69656E742F7B636C69656E7449647D70707371007E000D74000C6765743A2F76312F726F6C6570707371007E000D7400106765743A2F76312F75736572496E666F70707371007E000D740019706F73743A2F76312F617574686F7269746965732F726F6C6570707371007E000D740019706F73743A2F76312F617574686F7269746965732F73796E6370707371007E000D740015706F73743A2F76312F6F617574682F636C69656E7470707371007E000D74000D706F73743A2F76312F726F6C6570707371007E000D74000D706F73743A2F76312F7573657270707371007E000D740013706F73743A2F76312F757365722F717565727970707371007E000D74001F7075743A2F76312F6F617574682F636C69656E742F7B636C69656E7449647D70707371007E000D74000C7075743A2F76312F726F6C6570707371007E000D74000C7075743A2F76312F7573657270707371007E000D7400107075743A2F76312F757365722F70737770707371007E000D7400157075743A2F76312F757365722F7073772F7B69647D70707371007E000D7400127075743A2F76312F757365722F737461746570707871007E000C707372003A6F72672E737072696E676672616D65776F726B2E73656375726974792E6F61757468322E70726F76696465722E4F41757468325265717565737400000000000000010200075A0008617070726F7665644C000B617574686F72697469657371007E00044C000A657874656E73696F6E7374000F4C6A6176612F7574696C2F4D61703B4C000B726564697265637455726971007E000E4C00077265667265736874003B4C6F72672F737072696E676672616D65776F726B2F73656375726974792F6F61757468322F70726F76696465722F546F6B656E526571756573743B4C000B7265736F7572636549647374000F4C6A6176612F7574696C2F5365743B4C000D726573706F6E7365547970657371007E003B787200386F72672E737072696E676672616D65776F726B2E73656375726974792E6F61757468322E70726F76696465722E426173655265717565737436287A3EA37169BD0200034C0008636C69656E74496471007E000E4C001172657175657374506172616D657465727371007E00394C000573636F706571007E003B787074002433393766643035662D336266642D343230352D613634312D616166306638353232373434737200256A6176612E7574696C2E436F6C6C656374696F6E7324556E6D6F6469666961626C654D6170F1A5A8FE74F507420200014C00016D71007E00397870737200116A6176612E7574696C2E486173684D61700507DAC1C31660D103000246000A6C6F6164466163746F724900097468726573686F6C6478703F400000000000067708000000080000000474000A6772616E745F7479706574000870617373776F7264740009636C69656E745F696474002433393766643035662D336266642D343230352D613634312D61616630663835323237343474000573636F706574000744454641554C54740008757365726E616D6574000561646D696E78737200256A6176612E7574696C2E436F6C6C656374696F6E7324556E6D6F6469666961626C65536574801D92D18F9B80550200007871007E0009737200176A6176612E7574696C2E4C696E6B656448617368536574D86CD75A95DD2A1E020000787200116A6176612E7574696C2E48617368536574BA44859596B8B7340300007870770C000000103F4000000000000171007E004878017371007E004E770C000000103F40000000000001737200426F72672E737072696E676672616D65776F726B2E73656375726974792E636F72652E617574686F726974792E53696D706C654772616E746564417574686F7269747900000000000001F40200014C0004726F6C6571007E000E7870740006434C49454E54787371007E00413F40000000000000770800000010000000007870707371007E004E770C000000103F4000000000000174000765617379776562787371007E004E770C000000103F40000000000000787372004F6F72672E737072696E676672616D65776F726B2E73656375726974792E61757468656E7469636174696F6E2E557365726E616D6550617373776F726441757468656E7469636174696F6E546F6B656E00000000000001F40200024C000B63726564656E7469616C7371007E00054C00097072696E636970616C71007E00057871007E0003017371007E00077371007E000B0000001477040000001471007E001071007E001271007E001471007E001671007E001871007E001A71007E001C71007E001E71007E002071007E002271007E002471007E002671007E002871007E002A71007E002C71007E002E71007E003071007E003271007E003471007E00367871007E005B737200176A6176612E7574696C2E4C696E6B6564486173684D617034C04E5C106CC0FB0200015A000B6163636573734F726465727871007E00413F4000000000000C7708000000100000000571007E004371007E004471007E004771007E004874000D636C69656E745F73656372657474002432373737653266362D363061372D346139322D623032622D62653932623532616237363371007E004571007E004671007E004971007E004A7800707372001B636F6D2E77662E65772E73797374656D2E6D6F64656C2E55736572035C4724D6741B6B0200124C000B617574686F72697469657371007E00084C000661766174617271007E000E4C0008626972746864617971007E000F4C000A63726561746554696D6571007E000F4C000C6465706172746D656E7449647400134C6A6176612F6C616E672F496E74656765723B4C0005656D61696C71007E000E4C000D656D61696C566572696669656471007E00614C000669644361726471007E000E4C00086E69636B4E616D6571007E000E4C000870617373776F726471007E000E4C000570686F6E6571007E000E4C0005726F6C657371007E00084C000373657871007E000E4C0005737461746571007E00614C0008747275654E616D6571007E000E4C000A75706461746554696D6571007E000F4C000675736572496471007E00614C0008757365726E616D6571007E000E78707371007E000B0000001477040000001471007E001071007E001271007E001471007E001671007E001871007E001A71007E001C71007E001E71007E002071007E002271007E002471007E002671007E002871007E002A71007E002C71007E002E71007E003071007E003271007E003471007E00367870707372000E6A6176612E7574696C2E44617465686A81014B5974190300007870770800000167C7169448787070737200116A6176612E6C616E672E496E746567657212E2A0A4F781873802000149000576616C7565787200106A6176612E6C616E672E4E756D62657286AC951D0B94E08B02000078700000000070740009E7AEA1E79086E5919874003C2432612431302448344446647673764749707A6C73315A416B7948504F657032624D5A4A5737693555766B6A35656B5249425849504A482E3761486D74000B313233343536373839303170740003E794B771007E0068707371007E0064770800000167C716CAF8787371007E00660000000174000561646D696E);
INSERT INTO `oauth_refresh_token` VALUES ('03c553ffa90c8e4f01c3374487c9d531', 0xACED00057372004C6F72672E737072696E676672616D65776F726B2E73656375726974792E6F61757468322E636F6D6D6F6E2E44656661756C744578706972696E674F417574683252656672657368546F6B656E2FDF47639DD0C9B70200014C000A65787069726174696F6E7400104C6A6176612F7574696C2F446174653B787200446F72672E737072696E676672616D65776F726B2E73656375726974792E6F61757468322E636F6D6D6F6E2E44656661756C744F417574683252656672657368546F6B656E73E10E0A6354D45E0200014C000576616C75657400124C6A6176612F6C616E672F537472696E673B787074002433353237653236382D346465662D343434642D396566632D3062386533363735653539347372000E6A6176612E7574696C2E44617465686A81014B5974190300007870770800000168D53F974778, 0xACED0005737200416F72672E737072696E676672616D65776F726B2E73656375726974792E6F61757468322E70726F76696465722E4F417574683241757468656E7469636174696F6EBD400B02166252130200024C000D73746F7265645265717565737474003C4C6F72672F737072696E676672616D65776F726B2F73656375726974792F6F61757468322F70726F76696465722F4F4175746832526571756573743B4C00127573657241757468656E7469636174696F6E7400324C6F72672F737072696E676672616D65776F726B2F73656375726974792F636F72652F41757468656E7469636174696F6E3B787200476F72672E737072696E676672616D65776F726B2E73656375726974792E61757468656E7469636174696F6E2E416273747261637441757468656E7469636174696F6E546F6B656ED3AA287E6E47640E0200035A000D61757468656E746963617465644C000B617574686F7269746965737400164C6A6176612F7574696C2F436F6C6C656374696F6E3B4C000764657461696C737400124C6A6176612F6C616E672F4F626A6563743B787000737200266A6176612E7574696C2E436F6C6C656374696F6E7324556E6D6F6469666961626C654C697374FC0F2531B5EC8E100200014C00046C6973747400104C6A6176612F7574696C2F4C6973743B7872002C6A6176612E7574696C2E436F6C6C656374696F6E7324556E6D6F6469666961626C65436F6C6C656374696F6E19420080CB5EF71E0200014C00016371007E00047870737200136A6176612E7574696C2E41727261794C6973747881D21D99C7619D03000149000473697A657870000000007704000000007871007E000C707372003A6F72672E737072696E676672616D65776F726B2E73656375726974792E6F61757468322E70726F76696465722E4F41757468325265717565737400000000000000010200075A0008617070726F7665644C000B617574686F72697469657371007E00044C000A657874656E73696F6E7374000F4C6A6176612F7574696C2F4D61703B4C000B72656469726563745572697400124C6A6176612F6C616E672F537472696E673B4C00077265667265736874003B4C6F72672F737072696E676672616D65776F726B2F73656375726974792F6F61757468322F70726F76696465722F546F6B656E526571756573743B4C000B7265736F7572636549647374000F4C6A6176612F7574696C2F5365743B4C000D726573706F6E7365547970657371007E0011787200386F72672E737072696E676672616D65776F726B2E73656375726974792E6F61757468322E70726F76696465722E426173655265717565737436287A3EA37169BD0200034C0008636C69656E74496471007E000F4C001172657175657374506172616D657465727371007E000E4C000573636F706571007E0011787074002433393766643035662D336266642D343230352D613634312D616166306638353232373434737200256A6176612E7574696C2E436F6C6C656374696F6E7324556E6D6F6469666961626C654D6170F1A5A8FE74F507420200014C00016D71007E000E7870737200116A6176612E7574696C2E486173684D61700507DAC1C31660D103000246000A6C6F6164466163746F724900097468726573686F6C6478703F400000000000067708000000080000000474000A6772616E745F7479706574000870617373776F7264740009636C69656E745F696474002433393766643035662D336266642D343230352D613634312D61616630663835323237343474000573636F706574000744454641554C54740008757365726E616D6574000464656D6F78737200256A6176612E7574696C2E436F6C6C656374696F6E7324556E6D6F6469666961626C65536574801D92D18F9B80550200007871007E0009737200176A6176612E7574696C2E4C696E6B656448617368536574D86CD75A95DD2A1E020000787200116A6176612E7574696C2E48617368536574BA44859596B8B7340300007870770C000000103F4000000000000171007E001E78017371007E0024770C000000103F40000000000001737200426F72672E737072696E676672616D65776F726B2E73656375726974792E636F72652E617574686F726974792E53696D706C654772616E746564417574686F7269747900000000000001F40200014C0004726F6C6571007E000F7870740006434C49454E54787371007E00173F40000000000000770800000010000000007870707371007E0024770C000000103F4000000000000174000765617379776562787371007E0024770C000000103F40000000000000787372004F6F72672E737072696E676672616D65776F726B2E73656375726974792E61757468656E7469636174696F6E2E557365726E616D6550617373776F726441757468656E7469636174696F6E546F6B656E00000000000001F40200024C000B63726564656E7469616C7371007E00054C00097072696E636970616C71007E00057871007E0003017371007E00077371007E000B000000007704000000007871007E0031737200176A6176612E7574696C2E4C696E6B6564486173684D617034C04E5C106CC0FB0200015A000B6163636573734F726465727871007E00173F4000000000000C7708000000100000000571007E001971007E001A71007E001D71007E001E74000D636C69656E745F73656372657474002432373737653266362D363061372D346139322D623032622D62653932623532616237363371007E001B71007E001C71007E001F71007E00207800707372001B636F6D2E77662E65772E73797374656D2E6D6F64656C2E55736572035C4724D6741B6B0200124C000B617574686F72697469657371007E00084C000661766174617271007E000F4C000862697274686461797400104C6A6176612F7574696C2F446174653B4C000A63726561746554696D6571007E00374C000C6465706172746D656E7449647400134C6A6176612F6C616E672F496E74656765723B4C0005656D61696C71007E000F4C000D656D61696C566572696669656471007E00384C000669644361726471007E000F4C00086E69636B4E616D6571007E000F4C000870617373776F726471007E000F4C000570686F6E6571007E000F4C0005726F6C657371007E00084C000373657871007E000F4C0005737461746571007E00384C0008747275654E616D6571007E000F4C000A75706461746554696D6571007E00374C000675736572496471007E00384C0008757365726E616D6571007E000F78707371007E000B000000007704000000007870707372000E6A6176612E7574696C2E44617465686A81014B5974190300007870770800000167C717CCC8787070737200116A6176612E6C616E672E496E746567657212E2A0A4F781873802000149000576616C7565787200106A6176612E6C616E672E4E756D62657286AC951D0B94E08B0200007870000000007074000644656D6F303174003C243261243130246C76486255377853485A65507037454F5A515030386530364F464E5774744B416C447A5A5A66653967643564392E744C3157675A5774000B313233343536373839303170740003E794B771007E003F707371007E003B770800000167C717CCC8787371007E003D0000000274000464656D6F);

-- ----------------------------
-- Table structure for room_equiment
-- ----------------------------
DROP TABLE IF EXISTS `room_equiment`;
CREATE TABLE `room_equiment` (
  `id` int(11) unsigned zerofill NOT NULL AUTO_INCREMENT COMMENT '设备 会议室关联id',
  `equiment_id` int(11) DEFAULT NULL COMMENT '设备id',
  `meetroom_id` int(11) DEFAULT NULL COMMENT '会议室id',
  `counts` int(255) DEFAULT NULL COMMENT '数量',
  `create_id` varchar(255) DEFAULT NULL,
  `create_time` datetime DEFAULT NULL,
  `update_id` varchar(255) DEFAULT NULL,
  `update_time` datetime DEFAULT NULL,
  PRIMARY KEY (`id`)
) ENGINE=InnoDB AUTO_INCREMENT=9 DEFAULT CHARSET=utf8mb4;

-- ----------------------------
-- Records of room_equiment
-- ----------------------------
INSERT INTO `room_equiment` VALUES ('00000000001', '2', '1', '30', 'admin', '2019-01-04 09:19:09', null, null);
INSERT INTO `room_equiment` VALUES ('00000000002', '3', '1', '30', 'admin', '2019-01-04 09:19:09', null, null);
INSERT INTO `room_equiment` VALUES ('00000000003', '1', '1', '1', 'admin', '2019-01-04 09:19:09', null, null);
INSERT INTO `room_equiment` VALUES ('00000000004', '1', '2', '1', 'admin', '2019-01-04 09:22:28', null, null);
INSERT INTO `room_equiment` VALUES ('00000000005', '3', '2', '40', 'admin', '2019-01-04 09:22:28', null, null);
INSERT INTO `room_equiment` VALUES ('00000000006', '1', '3', '1', 'admin', '2019-01-10 17:26:47', null, null);
INSERT INTO `room_equiment` VALUES ('00000000007', '1', '4', '5', 'demo', '2019-01-11 16:47:19', null, null);

-- ----------------------------
-- Table structure for sys_authorities
-- ----------------------------
DROP TABLE IF EXISTS `sys_authorities`;
CREATE TABLE `sys_authorities` (
  `authority` varchar(128) NOT NULL COMMENT '授权标识',
  `authority_name` varchar(128) NOT NULL COMMENT '名称',
  `create_time` timestamp NOT NULL DEFAULT CURRENT_TIMESTAMP COMMENT '创建时间',
  PRIMARY KEY (`authority`)
) ENGINE=InnoDB DEFAULT CHARSET=utf8mb4 CHECKSUM=1 DELAY_KEY_WRITE=1 ROW_FORMAT=DYNAMIC COMMENT='权限';

-- ----------------------------
-- Records of sys_authorities
-- ----------------------------
INSERT INTO `sys_authorities` VALUES ('delete:/v1/authorities/role', '移除角色权限', '2018-12-19 23:10:15');
INSERT INTO `sys_authorities` VALUES ('delete:/v1/oauth/client/{clientId}', 'delete', '2018-12-19 23:10:15');
INSERT INTO `sys_authorities` VALUES ('delete:/v1/role/{id}', '删除角色', '2018-12-19 23:10:15');
INSERT INTO `sys_authorities` VALUES ('get:/v1/authorities', '查询所有权限', '2018-12-19 23:10:15');
INSERT INTO `sys_authorities` VALUES ('get:/v1/oauth/client', 'list', '2018-12-19 23:10:15');
INSERT INTO `sys_authorities` VALUES ('get:/v1/oauth/client/{clientId}', 'get', '2018-12-19 23:10:15');
INSERT INTO `sys_authorities` VALUES ('get:/v1/role', '查询所有角色', '2018-12-19 23:10:15');
INSERT INTO `sys_authorities` VALUES ('get:/v1/userInfo', '获取个人信息', '2018-12-19 23:10:15');
INSERT INTO `sys_authorities` VALUES ('post:/v1/authorities/role', '给角色添加权限', '2018-12-19 23:10:15');
INSERT INTO `sys_authorities` VALUES ('post:/v1/authorities/sync', '同步权限', '2018-12-19 23:10:15');
INSERT INTO `sys_authorities` VALUES ('post:/v1/oauth/client', 'add', '2018-12-19 23:10:15');
INSERT INTO `sys_authorities` VALUES ('post:/v1/role', '添加角色', '2018-12-19 23:10:15');
INSERT INTO `sys_authorities` VALUES ('post:/v1/user', '添加用户', '2018-12-19 23:10:15');
INSERT INTO `sys_authorities` VALUES ('post:/v1/user/query', '查询所有用户', '2018-12-19 23:10:15');
INSERT INTO `sys_authorities` VALUES ('put:/v1/oauth/client/{clientId}', 'update', '2018-12-19 23:10:15');
INSERT INTO `sys_authorities` VALUES ('put:/v1/role', '修改角色', '2018-12-19 23:10:15');
INSERT INTO `sys_authorities` VALUES ('put:/v1/user', '修改用户', '2018-12-19 23:10:15');
INSERT INTO `sys_authorities` VALUES ('put:/v1/user/psw', '修改自己密码', '2018-12-19 23:10:15');
INSERT INTO `sys_authorities` VALUES ('put:/v1/user/psw/{id}', '重置密码', '2018-12-19 23:10:15');
INSERT INTO `sys_authorities` VALUES ('put:/v1/user/state', '修改用户状态', '2018-12-19 23:10:15');

-- ----------------------------
-- Table structure for sys_role
-- ----------------------------
DROP TABLE IF EXISTS `sys_role`;
CREATE TABLE `sys_role` (
  `role_id` int(11) NOT NULL AUTO_INCREMENT COMMENT '角色id',
  `role_name` varchar(64) NOT NULL COMMENT '角色名称',
  `comments` varchar(256) DEFAULT NULL COMMENT '备注',
  `create_time` timestamp NOT NULL DEFAULT CURRENT_TIMESTAMP COMMENT '创建时间',
  `update_time` timestamp NOT NULL DEFAULT CURRENT_TIMESTAMP ON UPDATE CURRENT_TIMESTAMP COMMENT '修改时间',
  PRIMARY KEY (`role_id`)
) ENGINE=InnoDB AUTO_INCREMENT=3 DEFAULT CHARSET=utf8mb4 CHECKSUM=1 DELAY_KEY_WRITE=1 ROW_FORMAT=DYNAMIC COMMENT='角色';

-- ----------------------------
-- Records of sys_role
-- ----------------------------
INSERT INTO `sys_role` VALUES ('1', '管理员', '管理员', '2018-12-19 23:11:29', '2018-12-19 23:11:29');
INSERT INTO `sys_role` VALUES ('2', '普通用户', '普通用户', '2018-12-19 23:12:09', '2018-12-19 23:12:09');

-- ----------------------------
-- Table structure for sys_role_authorities
-- ----------------------------
DROP TABLE IF EXISTS `sys_role_authorities`;
CREATE TABLE `sys_role_authorities` (
  `id` int(11) NOT NULL AUTO_INCREMENT,
  `role_id` int(11) NOT NULL COMMENT '角色id',
  `authority` varchar(128) NOT NULL COMMENT '权限id',
  `create_time` timestamp NULL DEFAULT CURRENT_TIMESTAMP COMMENT '创建时间',
  PRIMARY KEY (`id`),
  KEY `FK_sys_role_permission_pm` (`authority`),
  KEY `FK_sys_role_permission_role` (`role_id`),
  CONSTRAINT `sys_role_authorities_ibfk_1` FOREIGN KEY (`role_id`) REFERENCES `sys_role` (`role_id`) ON DELETE CASCADE
) ENGINE=InnoDB AUTO_INCREMENT=33 DEFAULT CHARSET=utf8mb4 CHECKSUM=1 DELAY_KEY_WRITE=1 ROW_FORMAT=DYNAMIC COMMENT='角色权限';

-- ----------------------------
-- Records of sys_role_authorities
-- ----------------------------
INSERT INTO `sys_role_authorities` VALUES ('1', '1', 'delete:/v1/authorities/role', '2018-12-19 23:11:32');
INSERT INTO `sys_role_authorities` VALUES ('3', '1', 'delete:/v1/oauth/client/{clientId}', '2018-12-19 23:11:35');
INSERT INTO `sys_role_authorities` VALUES ('4', '1', 'delete:/v1/role/{id}', '2018-12-19 23:11:36');
INSERT INTO `sys_role_authorities` VALUES ('5', '1', 'get:/v1/authorities', '2018-12-19 23:11:37');
INSERT INTO `sys_role_authorities` VALUES ('6', '1', 'get:/v1/oauth/client', '2018-12-19 23:11:37');
INSERT INTO `sys_role_authorities` VALUES ('7', '1', 'get:/v1/oauth/client/{clientId}', '2018-12-19 23:11:38');
INSERT INTO `sys_role_authorities` VALUES ('8', '1', 'get:/v1/role', '2018-12-19 23:11:40');
INSERT INTO `sys_role_authorities` VALUES ('9', '1', 'get:/v1/userInfo', '2018-12-19 23:11:41');
INSERT INTO `sys_role_authorities` VALUES ('10', '1', 'post:/v1/authorities/role', '2018-12-19 23:11:41');
INSERT INTO `sys_role_authorities` VALUES ('11', '1', 'post:/v1/authorities/sync', '2018-12-19 23:11:42');
INSERT INTO `sys_role_authorities` VALUES ('12', '1', 'post:/v1/oauth/client', '2018-12-19 23:11:42');
INSERT INTO `sys_role_authorities` VALUES ('13', '1', 'post:/v1/role', '2018-12-19 23:11:43');
INSERT INTO `sys_role_authorities` VALUES ('14', '1', 'post:/v1/user', '2018-12-19 23:11:44');
INSERT INTO `sys_role_authorities` VALUES ('15', '1', 'post:/v1/user/query', '2018-12-19 23:11:44');
INSERT INTO `sys_role_authorities` VALUES ('16', '1', 'put:/v1/oauth/client/{clientId}', '2018-12-19 23:11:46');
INSERT INTO `sys_role_authorities` VALUES ('17', '1', 'put:/v1/role', '2018-12-19 23:11:46');
INSERT INTO `sys_role_authorities` VALUES ('18', '1', 'put:/v1/user', '2018-12-19 23:11:46');
INSERT INTO `sys_role_authorities` VALUES ('19', '1', 'put:/v1/user/psw', '2018-12-19 23:11:47');
INSERT INTO `sys_role_authorities` VALUES ('20', '1', 'put:/v1/user/psw/{id}', '2018-12-19 23:11:47');
INSERT INTO `sys_role_authorities` VALUES ('21', '1', 'put:/v1/user/state', '2018-12-19 23:11:50');

-- ----------------------------
-- Table structure for sys_user
-- ----------------------------
DROP TABLE IF EXISTS `sys_user`;
CREATE TABLE `sys_user` (
  `user_id` int(11) NOT NULL AUTO_INCREMENT COMMENT '用户id',
  `username` varchar(32) NOT NULL COMMENT '账号',
  `password` varchar(128) NOT NULL COMMENT '密码',
  `nick_name` varchar(20) NOT NULL COMMENT '昵称',
  `avatar` varchar(256) DEFAULT NULL COMMENT '头像',
  `sex` varchar(1) NOT NULL DEFAULT '男' COMMENT '性别',
  `phone` varchar(12) DEFAULT NULL COMMENT '手机号',
  `email` varchar(256) DEFAULT NULL COMMENT '邮箱',
  `email_verified` int(1) DEFAULT '0' COMMENT '邮箱是否验证，0未验证，1已验证',
  `true_name` varchar(20) DEFAULT NULL COMMENT '真实姓名',
  `id_card` varchar(20) DEFAULT NULL COMMENT '身份证号',
  `birthday` date DEFAULT NULL COMMENT '出生日期',
  `department_id` int(11) DEFAULT NULL COMMENT '部门id',
  `state` int(1) NOT NULL DEFAULT '0' COMMENT '状态，0正常，1冻结',
  `create_time` timestamp NOT NULL DEFAULT CURRENT_TIMESTAMP COMMENT '注册时间',
  `update_time` timestamp NOT NULL DEFAULT CURRENT_TIMESTAMP ON UPDATE CURRENT_TIMESTAMP COMMENT '修改时间',
  PRIMARY KEY (`user_id`),
  UNIQUE KEY `user_account` (`username`),
  KEY `FK_sys_user` (`true_name`)
) ENGINE=InnoDB AUTO_INCREMENT=13 DEFAULT CHARSET=utf8mb4 CHECKSUM=1 DELAY_KEY_WRITE=1 ROW_FORMAT=DYNAMIC COMMENT='用户';

-- ----------------------------
-- Records of sys_user
-- ----------------------------
INSERT INTO `sys_user` VALUES ('1', 'admin', '$2a$10$H4DFdvsvGIpzls1ZAkyHPOep2bMZJW7i5Uvkj5ekRIBXIPJH.7aHm', '管理员', null, '男', '12345678901', null, '0', null, null, null, null, '0', '2018-12-19 23:30:05', '2018-12-19 23:30:19');
INSERT INTO `sys_user` VALUES ('2', 'demo', '$2a$10$lvHbU7xSHZePp7EOZQP08e06OFNWttKAlDzZZfe9gd5d9.tL1WgZW', 'Demo01', null, '男', '12345678901', null, '0', null, null, null, null, '0', '2018-12-19 23:31:25', '2018-12-19 23:31:25');
INSERT INTO `sys_user` VALUES ('3', 'test1', '$2a$10$xrB6HjTWYQqhCqVZJOM14e0Rja182653YehJYVII0PY93mM2/ANvC', '测试', null, '男', '15263325685', null, '0', null, null, null, null, '1', '2019-01-02 10:06:45', '2019-01-02 10:22:24');
INSERT INTO `sys_user` VALUES ('4', '4', '$2a$10$xrB6HjTWYQqhCqVZJOM14e0Rja182653YehJYVII0PY93mM2/ANvC', '4', null, '男', null, null, '0', null, null, null, null, '0', '2019-01-02 11:24:54', '2019-01-02 11:24:58');
INSERT INTO `sys_user` VALUES ('5', '5', '$2a$10$/ZccXLQFaS3gIK.liVDhpOz4kEyMGNUonERtYLIjzMBRYjw21k3C6', '5', null, '男', '15245568598', null, '0', null, null, null, null, '0', '2019-01-02 11:26:45', '2019-01-02 13:25:35');
INSERT INTO `sys_user` VALUES ('6', '6', '$2a$10$8xF87zX36YY4LbMQ.Q6dV.clmWGN/J6raEYYcLzdWY0wlkhYIfBbu', '6', null, '男', '15356325245', null, '0', null, null, null, null, '0', '2019-01-02 11:27:01', '2019-01-02 11:27:01');
INSERT INTO `sys_user` VALUES ('7', '7', '$2a$10$yjVe3WJmOeTLSRqd8IWEWOBfH71yKtgStFtoqnT3gvAmiYx8Lg.Iq', '7', null, '男', '15256984541', null, '0', null, null, null, null, '0', '2019-01-02 11:27:15', '2019-01-02 11:27:15');
INSERT INTO `sys_user` VALUES ('8', '8', '$2a$10$YmyQUtGswyrDVYfep88Z3Oua0eLjmCDAssl1AUxC.rtDBs4oJ7/J6', '8', null, '男', '15245659875', null, '0', null, null, null, null, '0', '2019-01-02 11:27:25', '2019-01-02 11:27:25');
INSERT INTO `sys_user` VALUES ('9', '9', '$2a$10$s524N4lVXg7mJGSBrmzc9.VWEJrrShQKqmq/iSq.HKuzVAGUgGBZq', '9', null, '男', '15265894572', null, '0', null, null, null, null, '0', '2019-01-02 11:27:42', '2019-01-02 11:27:42');
INSERT INTO `sys_user` VALUES ('10', '10', '$2a$10$mz01WKcSi278ag6ZbzMfjutkXcBKjbCCg6RhSEXqZIFstOa08S5y.', '10', null, '男', '15278985632', null, '0', null, null, null, null, '0', '2019-01-02 11:27:54', '2019-01-02 11:27:54');
INSERT INTO `sys_user` VALUES ('11', '11', '$2a$10$nCJZ8R/vGcA.wYsSYL7jTuaPQ.ZfPaO16WngmciXy/Ei3hTd/1EFW', '11', null, '男', '15265894563', null, '0', null, null, null, null, '0', '2019-01-02 11:28:06', '2019-01-02 11:28:06');
INSERT INTO `sys_user` VALUES ('12', 'fang', '$2a$10$eIvalse/jwEhq3udNvz45uzumNvI3npf7iUfoTCIxGLBSz7tEwCpa', 'F', null, '女', '15245659852', null, '0', null, null, null, null, '0', '2019-01-11 10:32:50', '2019-01-11 10:32:50');

-- ----------------------------
-- Table structure for sys_user_role
-- ----------------------------
DROP TABLE IF EXISTS `sys_user_role`;
CREATE TABLE `sys_user_role` (
  `id` int(11) NOT NULL AUTO_INCREMENT,
  `user_id` int(11) NOT NULL COMMENT '用户id',
  `role_id` int(11) NOT NULL COMMENT '角色id',
  `create_time` timestamp NOT NULL DEFAULT CURRENT_TIMESTAMP COMMENT '创建时间',
  PRIMARY KEY (`id`),
  KEY `FK_sys_user_role` (`user_id`),
  KEY `FK_sys_user_role_role` (`role_id`)
) ENGINE=InnoDB AUTO_INCREMENT=12 DEFAULT CHARSET=utf8mb4 CHECKSUM=1 DELAY_KEY_WRITE=1 ROW_FORMAT=DYNAMIC COMMENT='用户角色';

-- ----------------------------
-- Records of sys_user_role
-- ----------------------------
INSERT INTO `sys_user_role` VALUES ('1', '1', '1', '2018-12-19 23:30:06');
INSERT INTO `sys_user_role` VALUES ('3', '5', '2', '2019-01-02 11:26:45');
INSERT INTO `sys_user_role` VALUES ('4', '6', '2', '2019-01-02 11:27:01');
INSERT INTO `sys_user_role` VALUES ('5', '7', '2', '2019-01-02 11:27:15');
INSERT INTO `sys_user_role` VALUES ('6', '8', '2', '2019-01-02 11:27:25');
INSERT INTO `sys_user_role` VALUES ('7', '9', '2', '2019-01-02 11:27:42');
INSERT INTO `sys_user_role` VALUES ('8', '10', '2', '2019-01-02 11:27:54');
INSERT INTO `sys_user_role` VALUES ('9', '11', '2', '2019-01-02 11:28:06');
INSERT INTO `sys_user_role` VALUES ('10', '5', '2', '2019-01-02 13:25:35');
INSERT INTO `sys_user_role` VALUES ('11', '12', '1', '2019-01-11 10:32:50');
